,Actual Price,Predicted Price,Difference,Fractional Error  With Original Price,
0,208500.00000000012,207250.4491778801,1249.550822,0.00599305,
1,181499.99999999956,192086.56521815775,10586.56522,0.058328183,
2,223500,221317.41418111886,2182.585819,0.009765485,
3,139999.99999999965,175190.58571076894,35190.58571,0.251361327,
4,249999.99999999983,281764.6790053639,31764.67901,0.127058716,
5,143000.00000000017,157134.8715137991,14134.87151,0.098845255,
6,306999.9999999987,272021.9897771077,34978.01022,0.113934887,
7,199999.9999999997,217021.35471221615,17021.35471,0.085106774,
8,129899.99999999996,120570.5484737307,9329.451526,0.071820258,
9,118000.00000000012,117809.36945904544,190.630541,0.001615513,
10,129500.00000000013,122073.6420176377,7426.357982,0.057346394,
11,345000.00000000006,371463.2923,26463.29228,0.076705195,
12,144000.00000000012,131536.90360447136,12463.0964,0.086549281,
13,279499.99999999965,228385.20620035953,51114.7938,0.182879405,
14,156999.99999999962,144275.85404099207,12724.14596,0.081045516,
15,131999.99999999994,135415.5735,3415.573499,0.025875557,
16,149000.00000000012,145537.90128340517,3462.098717,0.023235562,
17,89999.99999999997,105703.76381405744,15703.76381,0.174486265,
18,159000.00000000052,154140.6075296572,4859.39247,0.030562217,
19,139000.00000000017,122909.25153731728,16090.74846,0.11576078,
20,325299.9999999978,319787.5232463822,5512.476754,0.016945825,
21,139400.00000000035,127407.25781195161,11992.74219,0.086031149,
22,230000.0000000002,219016.37993327083,10983.62007,0.04775487,
23,129899.99999999996,118651.13962821543,11248.86037,0.086596308,
24,153999.99999999974,148745.62236080732,5254.377639,0.034119335,
25,256300.00000000073,240673.4601651871,15626.53983,0.060969722,
26,134800.00000000006,130228.35147966351,4571.64852,0.033914307,
27,305999.9999999999,306782.06659745093,782.0665975,0.002555773,
28,207500.00000000058,191199.18075759435,16300.81924,0.078558165,
29,68500.00000000004,73063.54953932788,4563.549539,0.066621161,
30,39999.99999999997,52422.90668579339,12422.90669,0.310572667,
31,149350.00000000015,150853.27054300866,1503.270543,0.01006542,
32,179899.99999999936,178675.362,1224.637996,0.006807326,
33,165499.99999999965,179354.7117143707,13854.71171,0.08371427,
34,277500.0000000009,260913.7432030378,16586.2568,0.059770295,
35,309000.0000000009,295161.5631,13838.43686,0.044784585,
36,145000.0000000002,168018.35814029915,23018.35814,0.158747298,
37,153000.0000000002,161011.78166496102,8011.781665,0.052364586,
38,109000.00000000015,117800.63483814358,8800.634838,0.080739769,
39,81999.99999999993,76022.07044,5977.929556,0.07290158,
40,160000.0000000002,134717.10823537476,25282.89176,0.158018074,
41,170000.00000000032,163894.4782474253,6105.521753,0.035914834,
42,144000.00000000012,154759.76203572645,10759.76204,0.07472057,
43,130250.00000000006,121396.17399370512,8853.826006,0.067975632,
44,141000.00000000023,148720.86120553175,7720.861206,0.054757881,
45,319900.0000000009,269263.7385468313,50636.26145,0.158287782,
46,239685.9999999995,260832.92576888527,21146.92577,0.088227622,
47,249699.99999999997,241043.94339588739,8656.056604,0.034665825,
48,113000,100714.74823266997,12285.25177,0.108719042,
49,127000.00000000019,130331.92618533804,3331.926185,0.026235639,
50,177000.00000000006,176955.57014024176,44.42985976,0.000251016,
51,114500.0000000003,111039.38940156065,3460.610598,0.030223673,
52,110000.0000000003,104501.07385842221,5498.926142,0.049990238,
53,385000,321869.0528082994,63130.94719,0.163976486,
54,129999.99999999983,128013.2124793847,1986.787521,0.015282981,
55,180499.99999999988,177192.6437555178,3307.356244,0.018323303,
56,172500.00000000003,198814.4485366499,26314.44854,0.152547528,
57,196500.0000000001,189080.81695751214,7419.183042,0.037756657,
58,438779.99999999994,428995.46554263396,9784.534457,0.022299408,
59,124899.99999999983,112986.09999012775,11913.90001,0.09538751,
60,158000.00000000012,164258.1809311677,6258.180931,0.03960874,
61,101000.00000000009,101798.20343657756,798.2034366,0.007903004,
62,202500.00000000076,204785.56045091365,2285.560451,0.011286718,
63,139999.99999999965,136692.79829936515,3307.201701,0.023622869,
64,219500.00000000035,226672.20334107452,7172.203341,0.032675186,
65,316999.9999999998,286949.2741094692,30050.72589,0.094797243,
66,179999.99999999997,227530.30985178854,47530.30985,0.264057277,
67,225999.99999999962,222146.04512577158,3853.954874,0.017052898,
68,79999.99999999994,81644.72849325386,1644.728493,0.020559106,
69,224999.99999999974,231741.00065702194,6741.000657,0.029960003,
70,243999.99999999892,279245.6969509199,35245.69695,0.144449578,
71,129500.00000000013,124346.09700566388,5153.902994,0.039798479,
72,185000.00000000006,197603.11409636744,12603.1141,0.068124941,
73,144899.9999999999,143818.68312837617,1081.316872,0.007462504,
74,107399.99999999999,109417.6753841908,2017.675384,0.018786549,
75,90999.99999999996,93680.55220537249,2680.552205,0.029456618,
76,135749.9999999998,120108.26126709156,15641.73873,0.115224595,
77,127000.00000000019,139171.4946,12171.49456,0.09583854,
78,136500.00000000032,116747.02406633868,19752.97593,0.144710446,
79,110000.0000000003,123000.73347054372,13000.73347,0.118188486,
80,193500.00000000032,202252.93285847074,8752.932858,0.045234795,
81,153499.9999999999,164351.53531684843,10851.53532,0.070694041,
82,244999.99999999983,226010.03636060952,18989.96364,0.077510056,
83,126500.0000000002,127757.90260638967,1257.902606,0.009943894,
84,168500.00000000023,168396.7215,103.2784811,0.000612929,
85,259999.99999999968,270183.8398951576,10183.8399,0.039168615,
86,173999.99999999965,191731.5172062933,17731.51721,0.101905271,
87,164500.0000000001,185826.37966323996,21326.37966,0.129643645,
88,84999.99999999984,60236.49368109301,24763.50632,0.291335368,
89,123600.00000000001,128992.88593199146,5392.885932,0.043631763,
90,109900.00000000022,116721.62001309208,6821.620013,0.062071156,
91,98600,114461.03828916128,15861.03829,0.160862457,
92,163500.00000000038,167933.94350019927,4433.9435,0.02711892,
93,133900.0000000005,133900.00000000285,2.00816E-09,1.49975E-14,
94,204749.99999999924,203250.6209399456,1499.37906,0.007322975,
95,185000.00000000006,188009.69745826503,3009.697458,0.016268635,
96,213999.99999999968,219017.92080937364,5017.920809,0.023448228,
97,94750.00000000038,115614.03257357233,20864.03257,0.220200871,
98,83000.00000000001,74344.80025103701,8655.199749,0.104279515,
99,128949.99999999943,121810.61400058922,7139.385999,0.055365537,
100,205000,208647.19297456794,3647.192975,0.017791185,
101,178000.00000000026,170883.2436782108,7116.756322,0.039981777,
102,118963.99999999978,108837.27692703993,10126.72307,0.085124265,
103,198899.99999999997,187115.62864146958,11784.37136,0.059247719,
104,169500.0000000002,158642.66254979142,10857.33745,0.064055088,
105,249999.99999999983,249774.3375813006,225.6624187,0.00090265,
106,100000.00000000001,99088.9322,911.0678024,0.009110678,
107,115000.0000000005,90694.75769,24305.24231,0.211349933,
108,115000.0000000005,124547.74581943455,9547.745819,0.083023877,
109,189999.9999999998,208677.6552369917,18677.65524,0.098303449,
110,136899.9999999999,145009.4238,8109.42379,0.059236112,
111,179999.99999999997,169594.72487149877,10405.27513,0.057807084,
112,383970.00000000093,356381.01624611777,27588.98375,0.071851925,
113,217000.00000000055,231636.80748961063,14636.80749,0.067450726,
114,259500.00000000146,230382.29189068582,29117.70811,0.112206968,
115,176000.00000000003,178388.8090851871,2388.809085,0.013572779,
116,139000.00000000017,123253.32891970994,15746.67108,0.113285403,
117,155000.00000000026,144514.77189931023,10485.2281,0.067646633,
118,319999.9999999993,311257.9861899431,8742.01381,0.027318793,
119,163990.00000000032,181829.16783309402,17839.16783,0.108782047,
120,179999.99999999997,180000.0000000006,9.8953E-10,5.49739E-15,
121,100000.00000000001,101906.88865009343,1906.88865,0.019068887,
122,135999.99999999965,132656.74867442172,3343.251326,0.02458273,
123,153899.99999999968,148881.17329916763,5018.826701,0.03261096,
124,180999.99999999985,171529.26853993558,9470.73146,0.052324483,
125,84500.00000000004,82913.25748,1586.742524,0.018778018,
126,128000.00000000004,131532.87444356756,3532.874444,0.027600582,
127,86999.99999999997,92357.92120177508,5357.921202,0.061585301,
128,155000.00000000026,144208.84360317024,10791.1564,0.069620364,
129,149999.99999999994,134198.6435335239,15801.35647,0.105342376,
130,225999.99999999962,213767.67682190612,12232.32318,0.054125324,
131,243999.99999999892,231857.4454,12142.55463,0.049764568,
132,150750.00000000012,159804.7490637027,9054.749064,0.06006467,
133,219999.99999999907,211974.96271838603,8025.037282,0.036477442,
134,179999.99999999997,178436.57586252046,1563.424137,0.00868569,
135,173999.99999999965,168149.5342717653,5850.465728,0.033623366,
136,143000.00000000017,136578.7497600244,6421.25024,0.044903848,
137,171000.00000000035,156950.16145757295,14049.83854,0.082162798,
138,230000.0000000002,241793.28279599466,11793.2828,0.051275143,
139,231499.99999999994,207706.76479026026,23793.23521,0.102778554,
140,115000.0000000005,95940.75818341355,19059.24182,0.165732538,
141,259999.99999999968,242852.26657589432,17147.73342,0.065952821,
142,165999.99999999974,140179.24860849482,25820.75139,0.155546695,
143,204000.00000000006,227829.71935073653,23829.71935,0.11681235,
144,124999.99999999968,127840.72337700469,2840.723377,0.022725787,
145,129999.99999999983,131987.49000911636,1987.490009,0.015288385,
146,105000.00000000004,110363.3017722549,5363.301772,0.051079064,
147,222499.9999999997,216027.8198188536,6472.180181,0.02908845,
148,141000.00000000023,143528.7413764218,2528.741376,0.017934336,
149,115000.0000000005,138597.64074565071,23597.64075,0.205196876,
150,121999.99999999988,135317.25335707152,13317.25336,0.109157814,
151,372401.9999999998,312539.89228620834,59862.10771,0.160745935,
152,189999.9999999998,177160.38822726568,12839.61177,0.067576904,
153,234999.9999999991,227908.39602169208,7091.603978,0.030177038,
154,124999.99999999968,102692.85043502871,22307.14956,0.178457197,
155,78999.99999999977,63040.87491426017,15959.12509,0.202014242,
156,109499.99999999988,105270.63025592687,4229.369744,0.038624381,
157,269499.99999999953,259010.23553627383,10489.76446,0.038923059,
158,254899.99999999945,226797.12013560103,28102.87986,0.110250608,
159,319999.9999999993,306448.6402921608,13551.35971,0.042347999,
160,162499.9999999999,166376.46868596002,3876.468686,0.023855192,
161,412499.9999999983,404029.99808722467,8470.001913,0.020533338,
162,219999.99999999907,247213.1950312207,27213.19503,0.123696341,
163,103199.99999999996,102370.42394865706,829.5760513,0.008038528,
164,151999.9999999997,151315.78876654434,684.2112335,0.00450139,
165,127499.99999999991,114130.82072323943,13369.17928,0.104856308,
166,189999.9999999998,204089.5558,14089.55583,0.074155557,
167,325624,367841.33634182706,42217.33634,0.129650567,
168,183500.00000000017,185480.70497439592,1980.704974,0.010794033,
169,228000.0000000002,202962.16293929142,25037.83706,0.109815075,
170,128500.00000000033,114318.27373290273,14181.72627,0.110363629,
171,214999.99999999968,205455.1566762698,9544.843324,0.04439462,
172,238999.99999999919,242366.1578566522,3366.157857,0.014084342,
173,162999.99999999983,143526.0316865865,19473.96831,0.119472198,
174,184000,175419.58539046784,8580.41461,0.046632688,
175,243000.00000000096,209831.6348072095,33168.36519,0.13649533,
176,210999.9999999998,236419.54108486153,25419.54108,0.120471759,
177,172500.00000000003,172330.2428519058,169.7571481,0.000984099,
178,501836.9999999966,507092.28244279337,5255.282443,0.01047209,
179,100000.00000000001,107782.6298386063,7782.629839,0.077826298,
180,177000.00000000006,174260.01141931603,2739.988581,0.015480161,
181,200099.99999999974,148537.85706185343,51562.14294,0.257681874,
182,120000.00000000006,118025.39806549628,1974.601935,0.016455016,
183,199999.9999999997,163550.30823235356,36449.69177,0.182248459,
184,127000.00000000019,150844.1110439201,23844.11104,0.187748906,
185,475000.00000000076,475000.00000001426,1.4028E-08,2.95327E-14,
186,172999.99999999985,171556.74189863208,1443.258101,0.008342532,
187,135000.00000000035,133294.62620406906,1705.373796,0.012632398,
188,153336.9999999997,147577.3013909791,5759.698609,0.037562354,
189,285999.99999999936,294803.8541345363,8803.854135,0.030782707,
190,315000.00000000047,295750.7241842425,19249.27582,0.061108812,
191,184000,182597.88195661607,1402.118043,0.007620207,
192,191999.99999999994,203979.9237173679,11979.92372,0.062395436,
193,129999.99999999983,130978.0237940182,978.023794,0.00752326,
194,127000.00000000019,123062.70359974967,3937.2964,0.031002334,
195,148499.99999999997,143866.79136754543,4633.208632,0.031200058,
196,311871.9999999991,354286.02644744597,42414.02645,0.135998187,
197,234999.9999999991,251610.62408894443,16610.62409,0.070683507,
198,103999.99999999996,112054.45566456871,8054.455665,0.077446689,
199,274899.99999999977,324371.77207800985,49471.77208,0.179962794,
200,139999.99999999965,144832.57793468414,4832.577935,0.034518414,
201,171500.00000000064,152159.85366909753,19340.14633,0.112770533,
202,111999.99999999983,108862.68846698973,3137.311533,0.02801171,
203,149000.00000000012,143413.52020723783,5586.479793,0.037493153,
204,110000.0000000003,107181.25540976682,2818.74459,0.025624951,
205,180499.99999999988,168247.41105544736,12252.58894,0.067881379,
206,143900.00000000017,135082.5735099607,8817.42649,0.06127468,
207,141000.00000000023,126834.83089078475,14165.16911,0.100462192,
208,276999.9999999992,241135.01851630356,35864.98148,0.129476467,
209,145000.0000000002,151214.97180455373,6214.971805,0.042861875,
210,97999.99999999984,89871.60525034575,8128.39475,0.082942804,
211,186000.00000000003,169967.95203955992,16032.04796,0.086193806,
212,252678.00000000026,249934.4647107243,2743.535289,0.010857832,
213,155999.99999999983,160966.15444207867,4966.154442,0.031834323,
214,161750.00000000044,142382.91122488346,19367.08878,0.119734706,
215,134450.00000000015,126024.55061696524,8425.449383,0.062666042,
216,210000.0000000001,216261.02365383494,6261.023654,0.029814398,
217,106999.99999999984,96478.20727572999,10521.79272,0.098334511,
218,311499.9999999999,257325.78073676268,54174.21926,0.173914027,
219,167239.99999999985,168188.5745981157,948.5745981,0.005671936,
220,204900.00000000017,198950.1090542264,5949.890946,0.029038023,
221,199999.9999999997,198144.44054698286,1855.559453,0.009277797,
222,179899.99999999936,168034.7601634478,11865.23984,0.065954641,
223,96999.99999999997,114816.89424673027,17816.89425,0.183679322,
224,386249.99999999866,426781.25719897175,40531.2572,0.104935294,
225,111999.99999999983,103861.3821281906,8138.617872,0.072666231,
226,290000.0000000004,270092.43449774076,19907.5655,0.068646778,
227,106000.00000000004,99798.99221693508,6201.007783,0.058500073,
228,124999.99999999968,110039.78570587897,14960.21429,0.119681714,
229,192499.9999999995,189230.12022592715,3269.879774,0.016986388,
230,147999.99999999965,127968.7960545864,20031.20395,0.135345973,
231,402999.99999999936,367181.1366485247,35818.86335,0.088880554,
232,94499.99999999983,101569.13413621676,7069.134136,0.074805652,
233,128200.00000000016,129642.23239993809,1442.2324,0.011249863,
234,216499.99999999988,224982.1774633537,8482.177463,0.039178649,
235,89499.99999999997,98087.07592305541,8587.075923,0.095944982,
236,185500.0000000004,178961.31570620384,6538.684294,0.035248972,
237,194500.00000000003,197560.68528692916,3060.685287,0.015736171,
238,318000.0000000005,263984.6600460618,54015.33995,0.16985956,
239,113000,115641.95615645678,2641.956156,0.023380143,
240,262500.0000000013,267163.57231463626,4663.572315,0.01776599,
241,110500.00000000022,101450.20433872408,9049.795661,0.081898603,
242,78999.99999999977,101136.62969934818,22136.6297,0.280210503,
243,120000.00000000006,137947.4439271763,17947.44393,0.149562033,
244,205000,226944.88542390487,21944.88542,0.107048222,
245,241499.9999999994,211840.31701797145,29659.68298,0.122814422,
246,137000.00000000012,136752.05479325342,247.9452067,0.001809819,
247,139999.99999999965,130910.47226131264,9089.527739,0.064925198,
248,179999.99999999997,188272.66793642193,8272.667936,0.045959266,
249,276999.9999999992,245054.5908846312,31945.40912,0.115326387,
250,76499.99999999996,76500,1.29512E-09,1.69297E-14,
251,234999.9999999991,253404.8270432442,18404.82704,0.078318413,
252,172999.99999999985,183944.2941,10944.29412,0.063261816,
253,158000.00000000012,185537.47503850024,27537.47504,0.174287817,
254,145000.0000000002,133562.0900496851,11437.90995,0.078882138,
255,230000.0000000002,212122.4341966505,17877.5658,0.077728547,
256,207500.00000000058,211300.86077486968,3800.860775,0.018317401,
257,219999.99999999907,237009.4403598785,17009.44036,0.077315638,
258,231499.99999999994,222974.61471313404,8525.385287,0.036826718,
259,96999.99999999997,100191.33669693518,3191.336697,0.032900378,
260,176000.00000000003,170025.4834,5974.516589,0.033946117,
261,275999.9999999998,319990.6624464525,43990.66245,0.159386458,
262,150999.99999999983,156735.25518506326,5735.255185,0.037981822,
263,129999.99999999983,123349.32826333502,6650.671737,0.051159013,
264,73000,78858.39348650369,5858.393487,0.080251966,
265,175500.00000000017,180844.9264849324,5344.926485,0.030455422,
266,185000.00000000006,189588.25996119354,4588.259961,0.024801405,
267,179500.00000000006,192166.98216884004,12666.98217,0.070568146,
268,120499.99999999994,121347.33333450262,847.3333345,0.007031812,
269,147999.99999999965,151115.10022596622,3115.100226,0.021047974,
270,265999.9999999995,258945.8367190817,7054.163281,0.026519411,
271,241499.9999999994,241500.00000000498,4.97676E-09,2.06077E-14,
272,290000.0000000004,303887.1861062373,13887.18611,0.047886849,
273,139000.00000000017,150117.7358273284,11117.73583,0.079983711,
274,124499.99999999993,134184.72830567902,9684.728306,0.077788982,
275,205000,177161.14225566896,27838.85774,0.135799306,
276,200999.99999999994,202632.91719177124,1632.917192,0.008123966,
277,141000.00000000023,117143.33877032078,23856.66123,0.169196179,
278,415297.99999999907,391659.6161211673,23638.38388,0.056919089,
279,191999.99999999994,215073.95093412726,23073.95093,0.120176828,
280,228500.00000000003,225844.34314762303,2655.656852,0.011622131,
281,185000.00000000006,205717.94582127355,20717.94582,0.111988896,
282,207500.00000000058,230738.53472227335,23238.53472,0.111992938,
283,244599.99999999948,236965.20415056517,7634.795849,0.031213393,
284,179199.9999999999,174848.9879591156,4351.012041,0.024280201,
285,164699.99999999994,171792.0904759822,7092.090476,0.043060659,
286,159000.00000000052,174044.82369775692,15044.8237,0.094621533,
287,88000.00000000001,105785.51827244974,17785.51827,0.202108162,
288,121999.99999999988,108770.4009960427,13229.599,0.108439336,
289,153574.99999999983,137979.0715011691,15595.9285,0.101552522,
290,233229.99999999983,245671.20421091912,12441.20421,0.05334307,
291,135900.00000000003,122532.46973278806,13367.53027,0.098362989,
292,131000.0000000004,143534.83146665667,12534.83147,0.095685736,
293,234999.9999999991,210857.6312276304,24142.36877,0.102733484,
294,167000.00000000017,167888.0439259644,888.043926,0.005317628,
295,142500.00000000023,136478.11152906978,6021.888471,0.042258866,
296,151999.9999999997,133032.2575378641,18967.74246,0.124787779,
297,238999.99999999919,235933.40391999113,3066.59608,0.012830946,
298,175000.00000000003,188621.63746925848,13621.63747,0.077837928,
299,158500.00000000017,155307.70107495095,3192.298925,0.020140687,
300,156999.99999999962,164819.5523420776,7819.552342,0.049806066,
301,267000.00000000023,251454.23186130883,15545.76814,0.058223851,
302,205000,226990.70455579043,21990.70456,0.10727173,
303,149899.9999999994,124264.73827772144,25635.26172,0.171015755,
304,295000.0000000006,239987.47669099172,55012.52331,0.18648313,
305,305900.0000000001,294362.35646216077,11537.64354,0.037717043,
306,224999.99999999974,215343.19793180193,9656.802068,0.04291912,
307,89499.99999999997,89001.54591544649,498.4540846,0.005569319,
308,82500.00000000001,104333.23498219695,21833.23498,0.264645273,
309,360000.0000000006,381010.8283001669,21010.8283,0.058363412,
310,165599.9999999999,165495.86337857603,104.1366214,0.000628844,
311,131999.99999999994,141173.6227269795,9173.622727,0.069497142,
312,119900.00000000025,137452.71234170397,17552.71234,0.146394598,
313,374999.9999999982,316032.23378050595,58967.76622,0.157247377,
314,178000.00000000026,144563.66353096007,33436.33647,0.187844587,
315,188499.99999999997,191784.06217718153,3284.062177,0.017422081,
316,259999.99999999968,247853.93252241059,12146.06748,0.046715644,
317,269999.9999999993,256884.37054754683,13115.62945,0.048576405,
318,259999.99999999968,308497.5682323168,48497.56823,0.186529109,
319,187500.0000000004,195700.05212777609,8200.052128,0.043733611,
320,342642.9999999997,317373.25178980554,25269.74821,0.073749495,
321,353999.99999999953,329395.40187887027,24604.59812,0.069504514,
322,300999.9999999988,281669.70940875285,19330.29059,0.064220235,
323,126175.00000000009,124795.24186316499,1379.758137,0.010935274,
324,241999.9999999996,260799.89975801957,18799.89976,0.077685536,
325,86999.99999999997,86999.99999999905,9.02219E-10,1.03703E-14,
326,323999.9999999998,302581.9532549058,21418.04675,0.066105083,
327,145249.9999999995,148384.9254880046,3134.925488,0.021582964,
328,214500.0000000005,173744.97563538197,40755.02436,0.190000114,
329,77999.99999999991,80364.48157334734,2364.481573,0.030313866,
330,118999.9999999999,153327.24862906185,34327.24863,0.288464274,
331,139000.00000000017,127323.75467572648,11676.24532,0.084001765,
332,284000.00000000175,283999.99999999977,1.97906E-09,6.96852E-15,
333,207000.00000000044,189533.36126548785,17466.63873,0.084379897,
334,191999.99999999994,216020.28047322534,24020.28047,0.125105627,
335,228949.99999999997,237043.89372352744,8093.893724,0.035352233,
336,377426.0000000003,381412.6797207438,3986.679721,0.010562812,
337,213999.99999999968,212580.16230070475,1419.837699,0.006634756,
338,202500.00000000076,194993.28118591197,7506.718814,0.037070216,
339,155000.00000000026,131003.15922936921,23996.84077,0.154818328,
340,202900.0000000001,202335.58032642072,564.4196736,0.002781763,
341,81999.99999999993,87115.52568218258,5115.525682,0.06238446,
342,87500.00000000016,94924.78983378418,7424.789834,0.084854741,
343,265999.9999999995,256929.9076835071,9070.092316,0.034098091,
344,84999.99999999984,93736.24129545424,8736.241295,0.102779309,
345,140200.00000000006,136621.87617381557,3578.123826,0.025521568,
346,151499.9999999995,151500.0000000003,9.8953E-10,6.53155E-15,
347,157500.00000000023,188087.28495003813,30587.28495,0.194204984,
348,153999.99999999974,190295.3602912823,36295.36029,0.235684158,
349,437153.99999999965,467683.1908,30529.19078,0.069836238,
350,318061.0000000004,270153.4657135052,47907.53429,0.15062373,
351,189999.9999999998,194410.66990242896,4410.669902,0.023214052,
352,95000.00000000006,84797.81849780992,10202.1815,0.107391384,
353,105900.00000000015,102122.09479973318,3777.9052,0.03567427,
354,139999.99999999965,158774.98172548498,18774.98173,0.134107012,
355,177499.99999999997,182315.60923356982,4815.609234,0.027130193,
356,172999.99999999985,158308.4328961112,14691.5671,0.084922353,
357,133999.99999999983,125108.40073825227,8891.599262,0.066355218,
358,129999.99999999983,135604.84985552914,5604.849856,0.04311423,
359,279999.9999999998,313494.3152329493,33494.31523,0.119622554,
360,155999.99999999983,159129.59068754857,3129.590688,0.020061479,
361,145000.0000000002,151946.22251964157,6946.22252,0.047904983,
362,198500,171289.84959094814,27210.15041,0.137078843,
363,118000.00000000012,110157.25173817627,7842.748262,0.066463968,
364,189999.9999999998,183196.66588635714,6803.334114,0.035807022,
365,147000.00000000017,129245.83467352368,17754.16533,0.120776635,
366,159000.00000000052,171458.87781793313,12458.87782,0.078357722,
367,165000.00000000006,160152.6271,4847.372899,0.029378018,
368,131999.99999999994,138179.31065674548,6179.310657,0.04681296,
369,161999.9999999996,174150.73389515586,12150.7339,0.07500453,
370,172399.99999999988,189044.3494468896,16644.34945,0.09654495,
371,134431.99999999994,135389.85130697704,957.851307,0.007125173,
372,124999.99999999968,112554.17188082336,12445.82812,0.099566625,
373,123000.00000000003,103339.68621868301,19660.31378,0.159839949,
374,219500.00000000035,213091.5460511406,6408.453949,0.02919569,
375,61000.000000000044,60999.999999999935,1.01863E-10,1.66989E-15,
376,147999.99999999965,148438.51600143482,438.5160014,0.002962946,
377,339999.99999999884,302828.2045152269,37171.79548,0.10932881,
378,394432.00000000023,399893.7679553521,5461.767955,0.013847173,
379,178999.99999999994,188116.77056623573,9116.770566,0.050931679,
380,127000.00000000019,152145.54229317713,25145.54229,0.197996396,
381,187750.00000000003,215780.1560970103,28030.1561,0.149295106,
382,213500.00000000017,207560.99661332121,5939.003387,0.027817346,
383,75999.99999999984,88217.99654427345,12217.99654,0.160763112,
384,240000.00000000055,249811.08687078932,9811.086871,0.040879529,
385,191999.99999999994,183247.1433621835,8752.856638,0.045587795,
386,80999.99999999994,95075.20694169178,14075.20694,0.173767987,
387,124999.99999999968,120003.63297990013,4996.36702,0.039970936,
388,191000.0000000003,202736.41164943366,11736.41165,0.061447181,
389,426000.00000000006,484899.55344561336,58899.55345,0.138261863,
390,118999.9999999999,123338.36482031441,4338.36482,0.036456847,
391,214999.99999999968,228919.87224219236,13919.87224,0.064743592,
392,106500.00000000019,100837.00685157269,5662.993148,0.053173645,
393,100000.00000000001,87496.29339235016,12503.70661,0.125037066,
394,109000.00000000015,119848.75131193356,10848.75131,0.099529829,
395,129000.00000000006,133647.73436120528,4647.734361,0.036028949,
396,123000.00000000003,124269.34820466313,1269.348205,0.010319904,
397,169500.0000000002,161641.03836435414,7858.961636,0.046365555,
398,67000,67000.00000000038,4.07454E-10,6.0814E-15,
399,240999.99999999948,225979.23952039846,15020.76048,0.062326807,
400,245500.00000000052,232936.8554811049,12563.14452,0.051173705,
401,164989.99999999983,180026.84560320736,15036.8456,0.091137921,
402,108000,110411.02216848229,2411.022168,0.022324279,
403,258000.00000000108,245358.75321235438,12641.24679,0.048997081,
404,168000.00000000023,177918.99034079982,9918.990341,0.059041609,
405,149999.99999999994,166569.9398333141,16569.93983,0.110466266,
406,115000.0000000005,98965.50350464466,16034.4965,0.139430404,
407,177000.00000000006,160208.4610096655,16791.53899,0.094867452,
408,279999.9999999998,294951.2909922465,14951.29099,0.053397468,
409,339749.9999999991,331909.21475937765,7840.785241,0.023078102,
410,60000.00000000002,68530.06233405229,8530.062334,0.142167706,
411,145000.0000000002,125068.70530048989,19931.2947,0.137457205,
412,222000.00000000012,266215.6360126338,44215.63601,0.199169532,
413,115000.0000000005,114999.99999999968,1.00408E-09,8.73115E-15,
414,228000.0000000002,240365.99936403555,12365.99936,0.054236839,
415,181133.99999999977,180068.70526002717,1065.29474,0.005881252,
416,149500.00000000015,147758.32311240942,1741.676888,0.011650013,
417,238999.99999999919,223282.08657615306,15717.91342,0.065765328,
418,126000.00000000007,108394.78669620355,17605.2133,0.139723915,
419,142000.00000000012,133904.4722252474,8095.527775,0.057010759,
420,206300.0000000004,195527.82601857506,10772.17398,0.052216064,
421,214999.99999999968,204254.85077943138,10745.14922,0.049977438,
422,113000,112987.65557562365,12.34442438,0.000109243,
423,315000.00000000047,308566.7555304493,6433.24447,0.020422998,
424,139000.00000000017,144259.65492896733,5259.654929,0.037839244,
425,135000.00000000035,126863.36503769131,8136.634962,0.06027137,
426,274999.99999999907,272011.82572070503,2988.174279,0.010866088,
427,109008.00000000007,118893.66944632858,9885.669446,0.090687559,
428,195399.99999999985,193046.39128857417,2353.608711,0.01204508,
429,175000.00000000003,193557.48767413726,18557.48767,0.106042787,
430,85399.99999999999,89483.51117704582,4083.511177,0.04781629,
431,79900.00000000003,116055.63616351146,36155.63616,0.452511091,
432,122499.9999999999,123484.78903463043,984.7890346,0.008039094,
433,180999.99999999985,193545.98412059754,12545.98412,0.069314829,
434,80999.99999999994,74463.25468441338,6536.745316,0.080700559,
435,212000.0000000005,230455.80550099618,18455.8055,0.087055686,
436,116000.00000000006,104617.63198211665,11382.36802,0.098123862,
437,118999.9999999999,125282.76579851464,6282.765799,0.052796351,
438,90349.99999999997,105392.59801697337,15042.59802,0.166492507,
439,110000.0000000003,115880.16681837512,5880.166818,0.053456062,
440,554999.9999999998,590426.6705,35426.67053,0.063831839,
441,118000.00000000012,102802.12385607338,15197.87614,0.128795561,
442,162900.00000000067,153750.6217511558,9149.378249,0.056165612,
443,172500.00000000003,187399.95572669222,14899.95573,0.086376555,
444,210000.0000000001,216205.67351145577,6205.673511,0.029550826,
445,127499.99999999991,151590.80583461406,24090.80583,0.188947497,
446,189999.9999999998,212096.65198216063,22096.65198,0.116298168,
447,199899.99999999965,200002.20535055897,102.2053506,0.000511282,
448,119500,123883.2222250363,4383.222225,0.036679684,
449,120000.00000000006,123278.1028791443,3278.102879,0.027317524,
450,110000.0000000003,116654.05328883672,6654.053289,0.060491394,
451,279999.9999999998,235969.14933887537,44030.85066,0.157253038,
452,204000.00000000006,223012.8268,19012.82676,0.093200131,
453,210000.0000000001,206604.16285416973,3395.837146,0.016170653,
454,187999.9999999998,153253.1162959598,34746.8837,0.184823849,
455,175500.00000000017,156026.68309200698,19473.31691,0.110959071,
456,97999.99999999984,92979.57522,5020.424779,0.051228824,
457,256000.00000000058,231434.02803744143,24565.97196,0.095960828,
458,160999.99999999942,142711.7927417381,18288.20726,0.113591349,
459,110000.0000000003,122801.89446717357,12801.89447,0.116380859,
460,263434.99999999977,229830.2063014898,33604.7937,0.127563891,
461,155000.00000000026,142979.89701379964,12020.10299,0.077549052,
462,62382.99999999996,101391.05452899369,39008.05453,0.625299433,
463,188699.9999999997,194048.9409187363,5348.940919,0.028346269,
464,124000.0000000001,118702.43572535366,5297.564275,0.042722293,
465,178739.9999999996,172860.55859154116,5879.441408,0.03289382,
466,167000.00000000017,152221.6666407428,14778.33336,0.088493014,
467,146500.00000000015,157957.53757857237,11457.53758,0.078208448,
468,249999.99999999983,243798.29304156252,6201.706958,0.024806828,
469,187000.00000000017,184115.07234464618,2884.927655,0.015427421,
470,212000.0000000005,193340.91250603274,18659.08749,0.088014564,
471,189999.9999999998,188665.01162730608,1334.988373,0.007026255,
472,147999.99999999965,133892.12387657032,14107.87612,0.095323487,
473,439999.9999999982,369240.92975547287,70759.07024,0.160816069,
474,250999.99999999983,264540.9518031972,13540.9518,0.053948015,
475,132499.9999999997,140308.87093736604,7808.870937,0.058934875,
476,208899.99999999988,226203.57987250257,17303.57987,0.082831881,
477,380000,416097.82130110415,36097.8213,0.094994267,
478,297000.00000000105,290407.6975952947,6592.302405,0.022196304,
479,89470.99999999984,112343.9122660118,22872.91227,0.255646101,
480,326000.0000000008,319893.5070499592,6106.49295,0.018731573,
481,374000.00000000035,351093.2512283768,22906.74877,0.061247991,
482,155000.00000000026,152064.7654042153,2935.234596,0.018936997,
483,163999.99999999927,147105.98542959025,16894.01457,0.103012284,
484,132499.9999999997,129985.52620232242,2514.473798,0.018977161,
485,147000.00000000017,146305.75326585484,694.2467341,0.004722767,
486,155999.99999999983,140996.06764695363,15003.93235,0.096179054,
487,175000.00000000003,182378.24022581385,7378.240226,0.042161373,
488,160000.0000000002,139352.2368796648,20647.76312,0.12904852,
489,86000,82716.07839694538,3283.921603,0.038185135,
490,115000.0000000005,104885.07636567391,10114.92363,0.087955858,
491,132999.99999999997,121608.56539569213,11391.4346,0.085649884,
492,172784.99999999985,180887.10379040122,8102.10379,0.046891245,
493,155000.00000000026,157321.32169747393,2321.321697,0.014976269,
494,91299.99999999959,85376.7609,5923.239104,0.064876661,
495,34900.00000000001,43941.463055526874,9041.463056,0.259067709,
496,429999.99999999866,486236.9362583315,56236.93626,0.130783573,
497,184000,169326.59397699466,14673.40602,0.079746772,
498,129999.99999999983,130232.67760815642,232.6776082,0.001789828,
499,120000.00000000006,125334.42744275434,5334.427443,0.044453562,
500,113000,107955.35637229095,5044.643628,0.044642864,
501,226700.00000000052,202128.59512279992,24571.40488,0.108387317,
502,139999.99999999965,128889.23683620543,11110.76316,0.079362594,
503,289000.0000000015,267699.1363159096,21300.86368,0.073705411,
504,147000.00000000017,150945.37826433263,3945.378264,0.026839308,
505,124499.99999999993,118535.26093527857,5964.739065,0.047909551,
506,214999.99999999968,202767.7316,12232.26838,0.056894272,
507,208300.00000000073,187449.34164777774,20850.65835,0.100099176,
508,160999.99999999942,159226.5539459631,1773.446054,0.011015193,
509,124499.99999999993,142850.66518588204,18350.66519,0.147394901,
510,164899.99999999965,159398.13091848165,5501.869082,0.033364882,
511,202664.99999999913,193203.2714132721,9461.728587,0.046686545,
512,129899.99999999996,122817.3695674064,7082.630433,0.054523714,
513,133999.99999999983,145250.70684259353,11250.70684,0.083960499,
514,96500,96670.31778880698,170.3177888,0.001764951,
515,402861.0000000005,422623.76293866185,19762.76294,0.049056034,
516,158000.00000000012,172295.16107496506,14295.16107,0.090475703,
517,264999.9999999999,257947.12729702084,7052.872703,0.026614614,
518,210999.9999999998,208740.6244283182,2259.375572,0.010707941,
519,234000.00000000044,236457.56182639563,2457.561826,0.010502401,
520,106250.00000000028,94366.75861149469,11883.24139,0.111842272,
521,149999.99999999994,145817.41829134963,4182.581709,0.027883878,
522,159000.00000000052,157784.91841675984,1215.081583,0.007642023,
523,315749.9999999996,306481.4548929464,9268.545107,0.029354062,
524,176000.00000000003,188226.35159971757,12226.3516,0.069467907,
525,131999.99999999994,127263.30652198623,4736.693478,0.035884042,
526,446261.0000000001,435725.10394512455,10535.89605,0.023609269,
527,86000,92833.24019127122,6833.240191,0.079456281,
528,200624.00000000058,241323.51786298014,40699.51786,0.202864652,
529,175000.00000000003,186502.15282908524,11502.15283,0.065726588,
530,128000.00000000004,134981.85015623592,6981.850156,0.054545704,
531,107499.99999999983,90791.71165680348,16708.28834,0.155425938,
532,39299.99999999998,59703.82017820507,20403.82018,0.519181175,
533,178000.00000000026,189819.73383851486,11819.73384,0.066402999,
534,107499.99999999983,144286.19281806963,36786.19282,0.342197142,
535,187999.9999999998,199202.00461362244,11202.00461,0.059585131,
536,111249.99999999985,123231.59457311395,11981.59457,0.107699726,
537,158000.00000000012,137037.07344782673,20962.92655,0.13267675,
538,272000.0000000003,239409.31723451987,32590.68277,0.119818687,
539,315000.00000000047,325100.0636287629,10100.06363,0.032063694,
540,247999.9999999998,234647.50011736562,13352.49988,0.053840725,
541,213249.99999999977,213977.71852021894,727.7185202,0.003412514,
542,132999.99999999997,139026.8387030091,6026.838703,0.045314577,
543,179665.00000000017,209027.97021111666,29362.97021,0.163431777,
544,228999.99999999942,233135.4832743751,4135.483274,0.018058879,
545,210000.0000000001,176565.16920250183,33434.8308,0.15921348,
546,129500.00000000013,130994.76568342483,1494.765683,0.011542592,
547,124999.99999999968,116874.13662197228,8125.863378,0.065006907,
548,263000.00000000163,232723.28853410165,30276.71147,0.115120576,
549,139999.99999999965,135011.50692364707,4988.493076,0.035632093,
550,112500.00000000006,108399.9619,4100.038075,0.036444783,
551,255499.9999999981,266703.0987603399,11203.09876,0.043847745,
552,108000,113377.13872387358,5377.138724,0.049788322,
553,284000.00000000175,291445.84481565066,7445.844816,0.026217763,
554,113000,119169.2103489348,6169.210349,0.054594782,
555,141000.00000000023,133502.1014624665,7497.898538,0.053176585,
556,108000,84872.80417373318,23127.19583,0.214140702,
557,175000.00000000003,188051.3432945106,13051.34329,0.074579105,
558,234000.00000000044,200612.4149505016,33387.58505,0.142681987,
559,121500.00000000004,153770.95715222834,32270.95715,0.265604586,
560,170000.00000000032,166753.51924119733,3246.480759,0.019096946,
561,108000,111494.32774247476,3494.327742,0.032354887,
562,185000.00000000006,154775.3992586181,30224.60074,0.16337622,
563,267999.99999999965,258747.45597738787,9252.544023,0.034524418,
564,128000.00000000004,119390.42502629108,8609.574974,0.067262304,
565,325000,321495.07144468353,3504.928555,0.010784396,
566,213999.99999999968,204421.73316816156,9578.266832,0.044758256,
567,316599.99999999907,265468.9088569188,51131.09114,0.161500604,
568,135959.99999999965,160121.28301653246,24161.28302,0.17770876,
569,142600.00000000047,156576.46549803673,13976.4655,0.09801168,
570,120000.00000000006,111015.38283460985,8984.617165,0.07487181,
571,224500.00000000058,214310.9611297889,10189.03887,0.045385474,
572,170000.00000000032,169267.87438301387,732.125617,0.004306621,
573,139000.00000000017,129186.38037721443,9813.619623,0.07060158,
574,118500,126059.01752103191,7559.017521,0.063789177,
575,145000.0000000002,125324.95421263963,19675.04579,0.135689971,
576,164500.0000000001,164400.10489900658,99.89510099,0.000607265,
577,145999.99999999994,152292.46896053513,6292.468961,0.043099102,
578,131500.00000000055,114136.86580055964,17363.1342,0.132039043,
579,181900.00000000035,184695.62973763197,2795.629738,0.015369047,
580,253292.99999999965,374924.1746655352,121631.1747,0.480199511,
581,118500,110232.90357127055,8267.096429,0.069764527,
582,325000,324999.99999999814,2.96859E-09,9.13413E-15,
583,132999.99999999997,131726.51523402563,1273.484766,0.009575073,
584,369899.9999999999,353569.0711,16330.92895,0.044149578,
585,129999.99999999983,118246.48716660804,11753.51283,0.090411637,
586,137000.00000000012,126427.09082458745,10572.90918,0.07717452,
587,143000.00000000017,193726.29527002902,50726.29527,0.354729338,
588,79499.99999999997,96045.59344881379,16545.59345,0.208120672,
589,185900.0000000006,185264.8416764616,635.1583235,0.003416667,
590,451950.00000000134,515016.0110203031,63066.01102,0.139542009,
591,137999.99999999988,132817.1969669721,5182.803033,0.037556544,
592,139999.99999999965,139939.66427917502,60.33572082,0.000430969,
593,110000.0000000003,111388.57001730578,1388.570017,0.012623364,
594,318999.9999999996,318999.9999999911,8.03266E-09,2.51807E-14,
595,114504.00000000006,110935.36753671127,3568.632463,0.031166007,
596,194200.99999999994,200465.47898799897,6264.478988,0.032257707,
597,217500.00000000015,234499.32936680524,16999.32937,0.078157836,
598,150999.99999999983,146353.8044050801,4646.195595,0.030769507,
599,274999.99999999907,296078.7362530736,21078.73625,0.07664995,
600,141000.00000000023,128100.64035920495,12899.35964,0.09148482,
601,219999.99999999907,192748.30650168358,27251.6935,0.123871334,
602,150999.99999999983,159167.4893753966,8167.489375,0.054089334,
603,221000.00000000084,219299.9159530943,1700.084047,0.007692688,
604,205000,181211.75249616918,23788.2475,0.116040232,
605,151999.9999999997,164226.01667761168,12226.01668,0.08043432,
606,224999.99999999974,220934.36668541655,4065.633315,0.018069481,
607,359099.9999999989,379790.89710727445,20690.89711,0.057618761,
608,118500,109322.38922209648,9177.610778,0.077448192,
609,313000.0000000018,320196.3925374321,7196.392537,0.022991669,
610,147999.99999999965,150897.1018501055,2897.10185,0.019575013,
611,261500.00000000023,294720.0370014197,33220.037,0.12703647,
612,147000.00000000017,125881.97126986904,21118.02873,0.143660059,
613,75500.00000000004,80615.99663495467,5115.996635,0.067761545,
614,137500.0000000005,138979.56407660033,1479.564077,0.010760466,
615,183200.00000000035,194527.26483900246,11327.26484,0.061830048,
616,105500.00000000007,114558.42360517522,9058.423605,0.085861835,
617,314812.99999999953,327353.63981311093,12540.63981,0.039835203,
618,304999.99999999837,345525.60726850526,40525.60727,0.132870844,
619,67000,79660.97772487003,12660.97772,0.188969817,
620,240000.00000000055,253777.0647787906,13777.06478,0.057404437,
621,135000.00000000035,126031.37933922418,8968.620661,0.066434227,
622,168500.00000000023,178392.0172617703,9892.017262,0.058706334,
623,165150.00000000038,163695.59504107022,1454.404959,0.00880657,
624,160000.0000000002,149673.60020978027,10326.39979,0.064539999,
625,139900.00000000038,129504.2642562436,10395.73574,0.074308333,
626,153000.0000000002,156927.97110473432,3927.971105,0.025673014,
627,135000.00000000035,169902.24995545385,34902.24996,0.258535185,
628,168500.00000000023,201971.5929550319,33471.59296,0.198644469,
629,124000.0000000001,119612.33325346146,4387.666747,0.035384409,
630,209499.99999999968,212042.21832408375,2542.218324,0.012134694,
631,82500.00000000001,154598.74582447906,72098.74582,0.873924192,
632,139400.00000000035,140174.07006867873,774.0700687,0.00555287,
633,144000.00000000012,130776.77127145787,13223.22873,0.091827977,
634,199999.9999999997,168977.66819905478,31022.3318,0.155111659,
635,60000.00000000002,50184.81729,9815.182709,0.163586378,
636,93000.00000000001,118838.43418183755,25838.43418,0.277832626,
637,84999.99999999984,91469.47653311779,6469.476533,0.076111489,
638,264560.99999999977,256685.94202631613,7875.057974,0.029766511,
639,274000.00000000023,266775.38163158274,7224.618368,0.02636722,
640,225999.99999999962,247753.71702164182,21753.71702,0.096255385,
641,345000.00000000006,371083.5903760887,26083.59038,0.07560461,
642,151999.9999999997,144194.28793291844,7805.712067,0.051353369,
643,370877.99999999907,347158.36881002435,23719.63119,0.063955347,
644,143250.00000000012,143294.45843760317,44.4584376,0.000310356,
645,98299.99999999985,106823.60242588604,8523.602426,0.086710096,
646,155000.00000000026,138001.32420147656,16998.6758,0.109668876,
647,155000.00000000026,155674.5657,674.56573,0.004352037,
648,84500.00000000004,75613.36344191256,8886.636558,0.105167297,
649,205950.00000000012,192077.98995911496,13872.01004,0.067356203,
650,108000,119810.48112086205,11810.48112,0.109356307,
651,191000.0000000003,179770.45535683955,11229.54464,0.058793427,
652,135000.00000000035,135000.00000000035,0,0,
653,349999.99999999884,373360.54146630823,23360.54147,0.066744404,
654,88000.00000000001,88656.63460087805,656.6346009,0.007461757,
655,145500.00000000064,150041.8856466675,4541.885647,0.031215709,
656,149000.00000000012,169987.47150359116,20987.4715,0.140855513,
657,97500,121813.12983195262,24313.12983,0.249365434,
658,167000.00000000017,160383.98700862005,6616.012991,0.039616844,
659,197900.00000000073,192439.4475,5460.552494,0.027592484,
660,402000.00000000064,388595.97137691075,13404.02862,0.033343355,
661,110000.0000000003,102981.60829715738,7018.391703,0.063803561,
662,137500.0000000005,144689.97934933598,7189.979349,0.052290759,
663,422999.99999999895,388218.4188585847,34781.58114,0.08222596,
664,230500.00000000096,244925.50624193967,14425.50624,0.062583541,
665,129000.00000000006,129000.00000000144,1.00408E-09,7.78358E-15,
666,193500.00000000032,225185.5849275979,31685.58493,0.163749793,
667,168000.00000000023,163782.76358417788,4217.236416,0.025102598,
668,137500.0000000005,143549.01417657678,6049.014177,0.04399283,
669,173500.00000000073,180612.11849358535,7112.118494,0.040992037,
670,103600.0000000002,103053.5805406962,546.4194593,0.005274319,
671,165000.00000000006,180455.3620691628,15455.36207,0.093668861,
672,257499.99999999974,287842.2001,30342.20005,0.117833787,
673,139999.99999999965,136340.75585730217,3659.244143,0.026137458,
674,148499.99999999997,144795.79646727603,3704.203533,0.024944132,
675,86999.99999999997,89624.94501093014,2624.945011,0.030171782,
676,109499.99999999988,94425.30034388299,15074.69966,0.13766849,
677,372499.9999999993,380641.8138529461,8141.813853,0.021857218,
678,128500.00000000033,123878.28379400933,4621.716206,0.035966663,
679,143000.00000000017,123209.24493225943,19790.75507,0.138396889,
680,159434.00000000015,130659.97267574102,28774.02732,0.180476105,
681,172999.99999999985,180537.8188766246,7537.818877,0.043571207,
682,285000.0000000005,255758.8317112805,29241.16829,0.10260059,
683,221000.00000000084,235820.03761701958,14820.03762,0.067058994,
684,207500.00000000058,234240.49897652122,26740.49898,0.128869875,
685,227875.00000000026,205167.13480123656,22707.8652,0.099650533,
686,148799.9999999999,159179.40687347885,10379.40687,0.069754078,
687,392000.0000000001,273689.1617409228,118310.8383,0.301813363,
688,194700.00000000023,192603.75551144013,2096.244489,0.010766536,
689,141000.00000000023,148222.6876395754,7222.68764,0.051224735,
690,755000.0000000013,732128.2352463397,22871.76475,0.030293728,
691,335000.00000000105,306105.55889611336,28894.4411,0.086252063,
692,108479.99999999975,101336.71968320517,7143.280317,0.065848823,
693,141500.00000000047,123225.50013335794,18274.49987,0.129148409,
694,176000.00000000003,184526.6566502975,8526.65665,0.048446913,
695,89000,94576.02207,5576.022068,0.062651933,
696,123499.99999999967,128000.0937731598,4500.093773,0.036438006,
697,138500.0000000001,118843.12035482413,19656.87965,0.141926929,
698,195999.9999999997,201116.73582188334,5116.735822,0.026105795,
699,312499.9999999995,300327.89425969403,12172.10574,0.038950738,
700,139999.99999999965,140205.7824646729,205.7824647,0.001469875,
701,361918.9999999999,376960.40131315007,15041.40131,0.041560132,
702,139999.99999999965,136292.36142375725,3707.638576,0.026483133,
703,212999.99999999965,214148.22897198194,1148.228972,0.005390746,
704,54999.99999999995,58172.56456769405,3172.564568,0.057682992,
705,302000.00000000023,260216.2692309088,41783.73077,0.138356724,
706,253999.99999999994,216289.6527394534,37710.34726,0.148465934,
707,179540.00000000035,190281.78851140584,10741.78851,0.0598295,
708,109900.00000000022,105339.82540930275,4560.174591,0.041493854,
709,51999.99999999988,63800.79736129392,11800.79736,0.226938411,
710,102776.00000000009,83713.13329500315,19062.8667,0.185479749,
711,189000,188410.86512140208,589.1348786,0.003117116,
712,129000.00000000006,130849.9800855472,1849.980086,0.014340931,
713,130499.99999999988,165022.01978773516,34522.01979,0.26453655,
714,165000.00000000006,157727.3155910933,7272.684409,0.044076875,
715,159499.9999999995,152235.69151687928,7264.308483,0.045544254,
716,156999.99999999962,157199.9505,199.9505176,0.00127357,
717,341000.0000000003,315966.9132109819,25033.08679,0.073410812,
718,128500.00000000033,135217.7853086431,6717.785309,0.052278485,
719,274999.99999999907,253208.15873987493,21791.84126,0.079243059,
720,143000.00000000017,138730.1684675096,4269.831532,0.029858962,
721,124499.99999999993,120388.08090877964,4111.919091,0.033027463,
722,135000.00000000035,145819.84751459322,10819.84751,0.080147019,
723,319999.9999999993,274146.88724597584,45853.11275,0.143290977,
724,120499.99999999994,127569.82676950259,7069.82677,0.058670762,
725,222000.00000000012,230449.76414304727,8449.764143,0.038062001,
726,194500.00000000003,190807.03110729155,3692.968893,0.018986987,
727,110000.0000000003,158288.6875236681,48288.68752,0.438988068,
728,102999.99999999999,112968.89536147575,9968.895361,0.096785392,
729,236499.99999999983,253110.6585,16610.65851,0.070235343,
730,187500.0000000004,208493.71744387978,20993.71744,0.111966493,
731,222499.9999999997,230285.50557362678,7785.505574,0.034991036,
732,131399.99999999988,136808.76603757995,5408.766038,0.041162603,
733,108000,110838.40667936915,2838.406679,0.026281543,
734,162999.99999999983,147516.8148457329,15483.18515,0.094988866,
735,93500.00000000007,88368.07808866607,5131.921911,0.054886865,
736,239900.00000000017,216910.61823149142,22989.38177,0.095829019,
737,178999.99999999994,138337.8837,40662.11626,0.227162661,
738,189999.9999999998,186539.7288130185,3460.271187,0.018211954,
739,131999.99999999994,112046.13746715432,19953.86253,0.151165625,
740,142000.00000000012,136065.46113015068,5934.53887,0.041792527,
741,178999.99999999994,177464.94327488908,1535.056725,0.008575736,
742,175000.00000000003,158769.18481696685,16230.81518,0.092747515,
743,179999.99999999997,198927.9724517601,18927.97245,0.105155403,
744,299800.00000000204,293159.0581801308,6640.94182,0.02215124,
745,236000.00000000026,218082.42388784714,17917.57611,0.075921933,
746,265979,247792.93984056302,18186.06016,0.068374045,
747,260399.99999999983,258735.97649472818,1664.023505,0.006390259,
748,97999.99999999984,90105.86879022444,7894.13121,0.080552359,
749,96500,88084.94741,8415.052591,0.087202618,
750,161999.9999999996,159186.22635593722,2813.773644,0.017368973,
751,217000.00000000055,223051.17892434017,6051.178924,0.027885617,
752,275499.99999999953,260819.6027,14680.3973,0.053286379,
753,155999.99999999983,142093.57041217043,13906.42959,0.089143779,
754,172500.00000000003,176500.84526067032,4000.845261,0.023193306,
755,212000.0000000005,192097.84545788882,19902.15454,0.093878087,
756,158900.00000000026,145146.96596132696,13753.03404,0.086551504,
757,179399.9999999996,167858.90475328275,11541.09525,0.064331635,
758,290000.0000000004,284594.5555643168,5405.444436,0.018639464,
759,127499.99999999991,126606.31447793868,893.6855221,0.007009298,
760,100000.00000000001,100251.66577976871,251.6657798,0.002516658,
761,215200.00000000073,230023.25265026026,14823.25265,0.068881286,
762,336999.9999999999,324023.2663081697,12976.73369,0.038506628,
763,269999.9999999993,277848.7853614819,7848.785361,0.029069575,
764,264131.9999999995,235695.46369650494,28436.5363,0.107660323,
765,196500.0000000001,183388.90462637998,13111.09537,0.066723132,
766,160000.0000000002,168991.1813230455,8991.181323,0.056194883,
767,216836.99999999945,233224.48118213066,16387.48118,0.075575115,
768,538000.0000000023,531546.8442590296,6453.155741,0.011994713,
769,134899.9999999999,142629.10870533346,7729.108705,0.057295098,
770,102000.0000000002,112444.6838965512,10444.6839,0.102398862,
771,106999.99999999984,123208.40580413904,16208.4058,0.151480428,
772,114500.0000000003,111434.10012039592,3065.89988,0.026776418,
773,394999.99999999994,302487.06910514797,92512.93089,0.234209952,
774,161999.9999999996,153442.08028916366,8557.919711,0.052826665,
775,221500.00000000032,231031.15321332501,9531.153213,0.043030037,
776,142500.00000000023,137764.8802490179,4735.119751,0.033228911,
777,144000.00000000012,135245.41542281763,8754.584577,0.060795726,
778,135000.00000000035,143118.7991,8118.799131,0.060139253,
779,176000.00000000003,167346.49544974254,8653.50455,0.049167639,
780,175899.99999999988,172907.71444635175,2992.285554,0.017011288,
781,187100.00000000067,188113.44313185182,1013.443132,0.005416585,
782,165499.99999999965,168210.12278927505,2710.122789,0.016375364,
783,128000.00000000004,127532.95641261547,467.0435874,0.003648778,
784,161499.9999999998,172608.54776617265,11108.54777,0.068783577,
785,139000.00000000017,120639.24996780258,18360.75003,0.132091727,
786,233000.00000000087,227654.95010577713,5345.049894,0.022940128,
787,107899.99999999984,104140.16286388141,3759.837136,0.034845571,
788,187500.0000000004,210233.8019337299,22733.80193,0.121246944,
789,160199.9999999996,162470.55388882483,2270.553889,0.014173245,
790,146800.00000000026,152761.67368197482,5961.673682,0.040610856,
791,269789.99999999994,276453.2026988453,6663.202699,0.024697738,
792,224999.99999999974,210326.87362048647,14673.12638,0.065213895,
793,194500.00000000003,200289.79949002087,5789.79949,0.029767607,
794,171000.00000000035,175715.80740743075,4715.807407,0.027577821,
795,143500.00000000012,141014.33481699394,2485.665183,0.017321709,
796,110000.0000000003,91799.32234457824,18200.67766,0.165460706,
797,484999.99999999953,482336.76330315106,2663.236697,0.00549121,
798,175000.00000000003,167818.9470269689,7181.052973,0.041034588,
799,199999.9999999997,212577.91427843424,12577.91428,0.062889571,
800,109900.00000000022,123176.41309965067,13276.4131,0.120804487,
801,189000,197380.43520895252,8380.435209,0.044340927,
802,582933,509761.89298163337,73171.10702,0.125522328,
803,118000.00000000012,100413.82126023623,17586.17874,0.149035413,
804,227679.99999999968,216878.6142092021,10801.38579,0.047441083,
805,135499.99999999974,130481.71447350354,5018.285526,0.037035318,
806,223500,256338.44214011793,32838.44214,0.146928153,
807,159949.99999999985,136645.5065290887,23304.49347,0.145698615,
808,106000.00000000004,125013.89218403642,19013.89218,0.179376341,
809,180999.99999999985,180999.99999999985,0,0,
810,144499.99999999997,169203.58237445608,24703.58237,0.170959048,
811,55992.99999999998,56704.63460467665,711.6346047,0.012709349,
812,157900.00000000006,156303.56969837204,1596.430302,0.010110388,
813,116000.00000000006,126518.05013741905,10518.05014,0.090672846,
814,224899.99999999948,205159.13499595964,19740.865,0.087776189,
815,137000.00000000012,130157.59901528984,6842.400985,0.049944533,
816,271000.00000000047,270882.66922111483,117.3307789,0.000432955,
817,155000.00000000026,144105.58609271573,10894.41391,0.070286541,
818,223999.99999999968,227997.09952740668,3997.099527,0.017844194,
819,182999.9999999997,189755.73909509587,6755.739095,0.036916607,
820,93000.00000000001,101585.19731829032,8585.197318,0.09231395,
821,224999.99999999974,195017.43988700982,29982.56011,0.133255823,
822,139499.9999999999,131259.7784288173,8240.221571,0.059069689,
823,232599.9999999999,231320.55062494864,1279.449375,0.005500642,
824,385000,384999.9999999977,2.03727E-09,5.29161E-15,
825,109499.99999999988,105140.50501352575,4359.494986,0.03981274,
826,189000,199030.09434783628,10030.09435,0.053069282,
827,185000.00000000006,190655.3134,5655.313417,0.030569262,
828,147399.9999999999,151438.59210795653,4038.592108,0.027398861,
829,165999.99999999974,170647.70394919554,4647.703949,0.027998217,
830,150999.99999999983,156826.50936713643,5826.509367,0.038586155,
831,237000.00000000044,232701.72710074298,4298.272899,0.018136173,
832,167000.00000000017,158972.65368586368,8027.346314,0.048067942,
833,139949.99999999997,130404.47402658933,9545.525973,0.068206688,
834,128000.00000000004,123777.5586114599,4222.441389,0.032987823,
835,153499.9999999999,142059.50778938943,11440.49221,0.074530894,
836,100000.00000000001,98124.35353935222,1875.646461,0.018756465,
837,144000.00000000012,153392.83876978658,9392.83877,0.065228047,
838,130499.99999999988,119623.45007593383,10876.54992,0.08334521,
839,139999.99999999965,132922.26414963996,7077.73585,0.050555256,
840,157500.00000000023,156759.9824866415,740.0175134,0.004698524,
841,174900.0000000004,170057.14646864208,4842.853531,0.027689271,
842,141000.00000000023,123387.89660251117,17612.1034,0.124908535,
843,153899.99999999968,132409.45756692262,21490.54243,0.139639652,
844,171000.00000000035,177287.8308887939,6287.830889,0.036770941,
845,212999.99999999965,193986.2458056129,19013.75419,0.089266452,
846,133500.0000000001,131305.07662122961,2194.923379,0.016441374,
847,240000.00000000055,240000.00000000227,2.00816E-09,8.36735E-15,
848,187000.00000000017,185079.72953764314,1920.270462,0.010268826,
849,131500.00000000055,138095.29558785955,6595.295588,0.050154339,
850,214999.99999999968,190405.62420889924,24594.37579,0.114392446,
851,163999.99999999927,182765.47144571182,18765.47145,0.114423606,
852,158000.00000000012,179168.40265125287,21168.40265,0.133977232,
853,170000.00000000032,185685.9035879271,15685.90359,0.092270021,
854,127000.00000000019,152196.02584548792,25196.02585,0.198393904,
855,147000.00000000017,144462.77139482702,2537.228605,0.017260059,
856,173999.99999999965,154894.31972477265,19105.68028,0.10980276,
857,151999.9999999997,138441.7264214747,13558.27358,0.089199168,
858,249999.99999999983,245047.90123498204,4952.098765,0.019808395,
859,189949.99999999942,182107.5616273459,7842.438373,0.041286856,
860,131500.00000000055,141653.55083985935,10153.55084,0.077213314,
861,151999.9999999997,151743.2692412066,256.7307588,0.001689018,
862,132499.9999999997,151188.5152397783,18688.51524,0.141045398,
863,250580.00000000026,212254.4608176708,38325.53918,0.152947319,
864,148499.99999999997,134695.3217280821,13804.67827,0.092960796,
865,248899.99999999997,238056.4584997263,10843.5415,0.043565856,
866,129000.00000000006,145952.66198350783,16952.66198,0.131415984,
867,169000.00000000012,164195.407,4804.593027,0.028429545,
868,236000.00000000026,221416.34931065145,14583.65069,0.06179513,
869,109499.99999999988,97596.83749207242,11903.16251,0.10870468,
870,200499.99999999997,190038.33179560013,10461.6682,0.052177896,
871,116000.00000000006,123444.80944694052,7444.809447,0.064179392,
872,132999.99999999997,125284.04863695867,7715.951363,0.058014672,
873,66499.99999999985,92255.92759122097,25755.92759,0.387307182,
874,303477.0000000001,298464.60619534703,5012.393805,0.016516553,
875,132249.9999999997,137773.33567992432,5523.33568,0.041764353,
876,349999.99999999884,363178.1620051547,13178.16201,0.037651891,
877,147999.99999999965,145757.1834834016,2242.816517,0.015154166,
878,136500.00000000032,141295.68555792634,4795.685558,0.035133228,
879,156999.99999999962,158679.35314811912,1679.353148,0.010696517,
880,187500.0000000004,213069.00886867134,25569.00887,0.136368047,
881,178000.00000000026,170936.87327770467,7063.126722,0.039680487,
882,118500,123572.52924969551,5072.52925,0.042806154,
883,100000.00000000001,107153.02692402132,7153.026924,0.071530269,
884,328900.00000000006,256443.48938929447,72456.51061,0.220299515,
885,145000.0000000002,166740.5897754456,21740.58978,0.149935102,
886,135499.99999999974,135859.9894,359.9894337,0.002656749,
887,267999.99999999965,276326.96848588326,8326.968486,0.031070778,
888,149500.00000000015,158079.42997669586,8579.429977,0.057387491,
889,122900.00000000022,136439.95921046176,13539.95921,0.110170539,
890,172500.00000000003,169334.8587623722,3165.141238,0.018348645,
891,154500.00000000015,134397.66160510326,20102.33839,0.130112223,
892,165000.00000000006,150741.82901638455,14258.17098,0.086413157,
893,118858.00000000026,116943.40015123835,1914.599849,0.016108296,
894,139999.99999999965,161214.1729695033,21214.17297,0.151529807,
895,106500.00000000019,104233.05805266522,2266.941947,0.02128584,
896,142953.00000000006,135248.97301936182,7704.026981,0.053892027,
897,611656.9999999974,514860.3689599514,96796.63104,0.158253124,
898,135000.00000000035,125882.75473626786,9117.245264,0.06753515,
899,110000.0000000003,117545.64229863405,7545.642299,0.068596748,
900,153000.0000000002,145311.1370692948,7688.862931,0.050254006,
901,179999.99999999997,185122.9230466411,5122.923047,0.028460684,
902,240000.00000000055,249135.12556124353,9135.125561,0.038063023,
903,125499.99999999991,120266.36788844386,5233.632112,0.041702248,
904,128000.00000000004,126884.53801430226,1115.461986,0.008714547,
905,254999.99999999985,264203.11987189954,9203.119872,0.036090666,
906,249999.99999999983,234471.2714272944,15528.72857,0.062114914,
907,131000.0000000004,132150.6947,1150.69474,0.008783929,
908,173999.99999999965,191386.7255386451,17386.72554,0.09992371,
909,154299.99999999962,159053.88916538487,4753.889165,0.030809392,
910,143500.00000000012,154927.98886064463,11427.98886,0.079637553,
911,88000.00000000001,98216.59793534006,10216.59794,0.116097704,
912,145000.0000000002,153429.96402742475,8429.964027,0.058137683,
913,173732.99999999985,188909.75111460662,15176.75111,0.087356755,
914,74999.99999999996,85169.86551131286,10169.86551,0.135598207,
915,35311.00000000007,41937.15045435571,6626.150454,0.18765117,
916,135000.00000000035,135956.70854083405,956.7085408,0.00708673,
917,237999.9999999998,278179.8937252025,40179.89373,0.168823083,
918,176499.9999999996,174188.8998253675,2311.100175,0.013094052,
919,200999.99999999994,215511.8009187606,14511.80092,0.072198015,
920,145899.99999999988,148910.39388669754,3010.393887,0.020633269,
921,169989.99999999985,182950.04655338574,12960.04655,0.076240053,
922,193000.00000000032,179531.24813914727,13468.75186,0.069786279,
923,207500.00000000058,209915.0057917665,2415.005792,0.011638582,
924,175000.00000000003,158807.91071548086,16192.08928,0.092526224,
925,285000.0000000005,300878.6806943168,15878.68069,0.055714669,
926,176000.00000000003,179787.01928595037,3787.019286,0.021517155,
927,236499.99999999983,235080.73671118516,1419.263289,0.006001113,
928,222000.00000000012,207981.21428605568,14018.78571,0.063147683,
929,200999.99999999994,201712.3317289924,712.331729,0.003543939,
930,117499.99999999996,106757.19417358216,10742.80583,0.091428135,
931,319999.9999999993,301481.58621843194,18518.41378,0.057870043,
932,189999.9999999998,191285.68602463783,1285.686025,0.006766769,
933,241999.9999999996,244500.7625058886,2500.762506,0.010333729,
934,79900.00000000003,101111.95814266063,21211.95814,0.265481328,
935,184899.9999999999,184408.22285928705,491.7771407,0.002659692,
936,252999.99999999997,235437.40640318484,17562.5936,0.069417366,
937,239798.99999999942,276630.2970944372,36831.29709,0.153592372,
938,244400.00000000064,210060.91150565972,34339.08849,0.140503635,
939,150899.99999999985,172928.82595712706,22028.82596,0.145982942,
940,213999.99999999968,222818.56328821796,8818.563288,0.04120824,
941,149999.99999999994,128927.51505100568,21072.48495,0.140483233,
942,143000.00000000017,135424.04266327742,7575.957337,0.052978723,
943,137500.0000000005,137500.00000000393,2.99769E-09,2.18014E-14,
944,124899.99999999983,144928.35850133002,20028.3585,0.160355152,
945,143000.00000000017,145911.2905486915,2911.290549,0.020358675,
946,269999.9999999993,263985.11281273083,6014.887187,0.02227736,
947,192499.9999999995,192499.99999999814,1.01863E-09,5.29161E-15,
948,197499.99999999997,183459.83476808527,14040.16523,0.071089444,
949,129000.00000000006,133794.28616999427,4794.28617,0.037165009,
950,119900.00000000025,125714.67257927239,5814.672579,0.048496018,
951,133900.0000000005,129586.70433367534,4313.295666,0.032212813,
952,172000.0000000002,177603.42596164736,5603.425962,0.032578058,
953,127499.99999999991,136106.84237053504,8606.842371,0.067504646,
954,145000.0000000002,152276.15327929705,7276.153279,0.050180367,
955,124000.0000000001,127885.70464225927,3885.704642,0.031336328,
956,131999.99999999994,123948.26128406897,8051.738716,0.060998021,
957,185000.00000000006,197718.4884258313,12718.48843,0.068748586,
958,155000.00000000026,163959.6952561331,8959.695256,0.057804486,
959,116500.00000000022,112790.93498758112,3709.065012,0.031837468,
960,272000.0000000003,255993.66336842717,16006.33663,0.058846826,
961,155000.00000000026,159080.45951976202,4080.45952,0.026325545,
962,238999.99999999919,243073.69939524384,4073.699395,0.017044767,
963,214900.00000000006,230376.40352638648,15476.40353,0.072016768,
964,178899.9999999992,178997.6378455307,97.63784553,0.000545768,
965,160000.0000000002,160579.31414108496,579.3141411,0.003620713,
966,135000.00000000035,129034.53743097196,5965.462569,0.044188612,
967,37900.00000000005,61551.83382584207,23651.83383,0.62405894,
968,139999.99999999965,139863.75424347114,136.2457565,0.000973184,
969,135000.00000000035,90051.22656,44948.77344,0.332953877,
970,172999.99999999985,179782.27017382788,6782.270174,0.039203874,
971,99499.99999999978,122132.18069409157,22632.18069,0.227459102,
972,181999.99999999927,206540.5504683673,24540.55047,0.134838189,
973,167499.9999999999,161661.25758782073,5838.742412,0.034858164,
974,165000.00000000006,170526.97931285822,5526.979313,0.033496844,
975,85500.00000000001,93904.70794754481,8404.707948,0.098300678,
976,199899.99999999965,191421.1542129964,8478.845787,0.042415437,
977,110000.0000000003,105460.80868704629,4539.191313,0.041265376,
978,139000.00000000017,123077.82379572262,15922.1762,0.11454803,
979,178400.00000000015,179388.9515043225,988.9515043,0.00554345,
980,335999.9999999999,305178.81266025774,30821.18734,0.091729724,
981,159894.99999999994,174397.66591143192,14502.66591,0.090701185,
982,255899.99999999933,231800.6036026952,24099.3964,0.094175054,
983,126000.00000000007,129036.9099000022,3036.9099,0.02410246,
984,124999.99999999968,139064.29176325892,14064.29176,0.112514334,
985,117000.00000000041,110295.1566817701,6704.843318,0.057306353,
986,395191.9999999994,382679.8750053888,12512.12499,0.031660876,
987,194999.99999999962,177981.1663973539,17018.8336,0.08727607,
988,197000.00000000012,200176.42989160438,3176.429892,0.01612401,
989,348000,308574.47137421404,39425.52863,0.113291749,
990,168000.00000000023,147701.91676480416,20298.08324,0.120821924,
991,187000.00000000017,194846.32345375887,7846.323454,0.041958949,
992,173900.0000000004,178721.83661884075,4821.836619,0.02772764,
993,337499.9999999994,362880.2034894676,25380.20349,0.075200603,
994,121600.00000000009,112583.51600139332,9016.483999,0.074148717,
995,136500.00000000032,130099.58666092223,6400.413339,0.046889475,
996,185000.00000000006,153317.9875337197,31682.01247,0.171254121,
997,90999.99999999996,92732.03174997837,1732.03175,0.019033316,
998,206000,196181.68248556936,9818.317514,0.047661736,
999,81999.99999999993,71661.11640309985,10338.8836,0.126083946,
1000,86000,84010.94910354265,1989.050896,0.023128499,
1001,232000.00000000096,231045.03828685835,954.9617131,0.004116214,
1002,136905.00000000023,136904.99999999875,2.00816E-09,1.46683E-14,
1003,180999.99999999985,184267.71198107346,3267.711981,0.018053657,
1004,149899.9999999994,143692.8681532088,6207.131847,0.041408485,
1005,163500.00000000038,177526.88099654388,14026.881,0.085791321,
1006,88000.00000000001,95586.55503111194,7586.555031,0.086210853,
1007,240000.00000000055,240176.15832224506,176.1583222,0.000733993,
1008,102000.0000000002,102356.72203438685,356.7220344,0.003497275,
1009,135000.00000000035,140354.92789974302,5354.9279,0.039666133,
1010,100000.00000000001,99999.99999999967,3.92902E-10,3.92902E-15,
1011,165000.00000000006,176845.46863539366,11845.46864,0.071790719,
1012,84999.99999999984,85135.57930158541,135.5793016,0.001595051,
1013,119199.99999999999,110129.29417505668,9070.705825,0.076096525,
1014,226999.9999999998,198558.4726281978,28441.52737,0.125293072,
1015,203000.0000000001,221912.42645050675,18912.42645,0.093164662,
1016,187500.0000000004,185977.7303142102,1522.269686,0.008118772,
1017,160000.0000000002,156814.34124662887,3185.658753,0.019910367,
1018,213489.9999999992,194047.40592090206,19442.59408,0.09107028,
1019,176000.00000000003,164243.3984438505,11756.60156,0.066798872,
1020,193999.99999999997,202426.5332,8426.533181,0.043435738,
1021,86999.99999999997,97813.40410566081,10813.40411,0.124292001,
1022,191000.0000000003,192504.91155886085,1504.911559,0.007879118,
1023,286999.99999999924,301936.3881596938,14936.38816,0.052043164,
1024,112500.00000000006,120521.53792751048,8021.537928,0.071302559,
1025,167499.9999999999,155071.0116936267,12428.98831,0.074202915,
1026,293077.00000000023,315635.9135447747,22558.91354,0.076972651,
1027,105000.00000000004,114695.41654853227,9695.416549,0.0923373,
1028,118000.00000000012,115771.18408074148,2228.815919,0.018888271,
1029,160000.0000000002,135368.7992047134,24631.2008,0.153945005,
1030,197000.00000000012,227935.26646346156,30935.26646,0.157031809,
1031,310000,299296.7248967598,10703.2751,0.034526694,
1032,230000.0000000002,235125.6943955666,5125.694396,0.022285628,
1033,119750.00000000013,106998.09967256081,12751.90033,0.106487685,
1034,84000,81934.26553,2065.734466,0.024592077,
1035,315500.00000000006,336857.9628176296,21357.96282,0.067695603,
1036,286999.99999999924,245612.3093230058,41387.69068,0.144207981,
1037,96999.99999999997,91743.88682991525,5256.11317,0.054186734,
1038,79999.99999999994,79880.23256,119.7674439,0.001497093,
1039,155000.00000000026,156654.2485803594,1654.24858,0.010672571,
1040,172999.99999999985,168379.49401814953,4620.505982,0.026708127,
1041,195999.9999999997,192384.37237923732,3615.627621,0.01844708,
1042,262280.0000000002,275051.8236596198,12771.82366,0.048695378,
1043,278000.0000000004,336471.67346401094,58471.67346,0.210329761,
1044,139599.99999999983,151076.8239089775,11476.82391,0.082212206,
1045,556580.9999999994,547213.7595575961,9367.240442,0.016829968,
1046,145000.0000000002,149514.3732160995,4514.373216,0.031133608,
1047,115000.0000000005,130382.61210126556,15382.6121,0.133761844,
1048,84900,95078.46240061562,10178.4624,0.119887661,
1049,176484.9999999998,171463.74893480222,5021.251065,0.028451433,
1050,200141.0000000004,187094.39013289893,13046.60987,0.065187092,
1051,165000.00000000006,163127.77674613096,1872.223254,0.011346808,
1052,144499.99999999997,142531.83488863838,1968.165111,0.01362052,
1053,254999.99999999985,247009.59805090536,7990.401949,0.03133491,
1054,179999.99999999997,171164.4211664871,8835.578834,0.049086549,
1055,185850.0000000001,206070.5146,20220.51459,0.108800186,
1056,247999.9999999998,234804.7126794129,13195.28732,0.053206804,
1057,335000.00000000105,349631.26667896064,14631.26668,0.043675423,
1058,219999.99999999907,180360.60167886544,39639.39832,0.180179083,
1059,213500.00000000017,224835.33387030158,11335.33387,0.053092899,
1060,80999.99999999994,85307.01809329836,4307.018093,0.053173063,
1061,89999.99999999997,107162.82268449297,17162.82268,0.19069803,
1062,110500.00000000022,111612.58328466884,1112.583285,0.010068627,
1063,153999.99999999974,159606.0526172215,5606.052617,0.036402939,
1064,328000,278380.22454093985,49619.77546,0.151279803,
1065,178000.00000000026,157628.34559271578,20371.65441,0.114447497,
1066,167900.00000000003,188517.98956896333,20617.98957,0.122799223,
1067,151400.0000000003,154498.21642736386,3098.216427,0.020463781,
1068,135000.00000000035,127642.34539258714,7357.654607,0.054501145,
1069,135000.00000000035,142412.9510834777,7412.951083,0.054910749,
1070,153999.99999999974,149081.61011031308,4918.38989,0.031937597,
1071,91500.00000000001,110739.51029436929,19239.51029,0.210267872,
1072,159499.9999999995,137126.0579341839,22373.94207,0.140275499,
1073,193999.99999999997,183125.03337891115,10874.96662,0.056056529,
1074,219500.00000000035,197999.3678657862,21500.63213,0.097952766,
1075,170000.00000000032,166401.86189109247,3598.138109,0.021165518,
1076,138799.99999999974,126886.22701617042,11913.77298,0.085834099,
1077,155900.0000000001,140894.97580795817,15005.02419,0.09624775,
1078,126000.00000000007,136193.49752825062,10193.49753,0.080900774,
1079,145000.0000000002,166006.97219454308,21006.97219,0.14487567,
1080,132999.99999999997,122401.17757041074,10598.82243,0.079690394,
1081,191999.99999999994,189378.0733136583,2621.926686,0.013655868,
1082,160000.0000000002,158074.00041911582,1925.999581,0.012037497,
1083,187500.0000000004,186741.0264914198,758.9735086,0.004047859,
1084,147000.00000000017,148044.19688515566,1044.196885,0.00710338,
1085,83499.99999999978,96274.40195787867,12774.40196,0.15298685,
1086,252000.00000000064,256836.52789748186,4836.527897,0.019192571,
1087,137500.0000000005,133245.88919406288,4254.110806,0.030938988,
1088,197000.00000000012,194621.28192802847,2378.718072,0.012074711,
1089,92900.00000000026,92822.32104,77.67896162,0.000836157,
1090,160000.0000000002,163898.7359526068,3898.735953,0.0243671,
1091,136500.00000000032,191512.69357850353,55012.69358,0.403023396,
1092,145999.99999999994,156055.9662483863,10055.96625,0.068876481,
1093,129000.00000000006,136329.17897370984,7329.178974,0.056815341,
1094,176432.0000000001,178199.44817737595,1767.448177,0.01001773,
1095,127000.00000000019,123757.88417648205,3242.115824,0.025528471,
1096,170000.00000000032,169371.79627826475,628.2037217,0.003695316,
1097,128000.00000000004,134351.14206693912,6351.142067,0.049618297,
1098,156999.99999999962,162271.40604819253,5271.406048,0.033575835,
1099,60000.00000000002,74565.62678,14565.62678,0.242760446,
1100,119500,108142.76474480322,11357.23526,0.095039626,
1101,135000.00000000035,131304.34378836825,3695.656212,0.027375231,
1102,159499.9999999995,159624.8138369117,124.8138369,0.000782532,
1103,106000.00000000004,111081.67912090236,5081.679121,0.047940369,
1104,325000,339021.6191477736,14021.61915,0.043143444,
1105,179899.99999999936,186311.02182616727,6411.021826,0.035636586,
1106,274725,253743.32993700652,20981.67006,0.076373355,
1107,180999.99999999985,176239.43336061112,4760.566639,0.026301473,
1108,279999.9999999998,317023.1757637792,37023.17576,0.132225628,
1109,187999.9999999998,187235.4070119199,764.5929881,0.004066984,
1110,205000,187271.37641522972,17728.62358,0.086481091,
1111,129899.99999999996,111750.86683550956,18149.13316,0.139716191,
1112,134500.00000000006,120922.15872311086,13577.84128,0.100950493,
1113,117000.00000000041,113607.41877830173,3392.581222,0.028996421,
1114,318000.0000000005,317802.9481,197.0519169,0.00061966,
1115,184099.99999999997,185459.13875784416,1359.138758,0.007382611,
1116,129999.99999999983,123918.14774832144,6081.852252,0.046783479,
1117,139999.99999999965,131386.26421278005,8613.735787,0.061526684,
1118,133699.99999999985,133174.4546025191,525.5453975,0.003930781,
1119,118400.00000000025,106281.80887048088,12118.19113,0.102349587,
1120,212899.99999999948,220516.67799686082,7616.677997,0.035775848,
1121,111999.99999999983,107089.98735358923,4910.012646,0.043839399,
1122,118000.00000000012,119284.06807153649,1284.068072,0.010881933,
1123,163899.99999999994,146649.6051891027,17250.39481,0.105249511,
1124,115000.0000000005,104380.68218661819,10619.31781,0.092341894,
1125,173999.99999999965,194025.81099461022,20025.81099,0.115090868,
1126,259000.0000000003,244680.67161137064,14319.32839,0.055286982,
1127,214999.99999999968,206836.1927495308,8163.80725,0.037971197,
1128,139999.99999999965,136271.46764861722,3728.532351,0.026632374,
1129,135000.00000000035,154477.7090782839,19477.70908,0.144279327,
1130,93500.00000000007,102185.3660910324,8685.366091,0.092891616,
1131,117499.99999999996,146579.12868418894,29079.12868,0.247481946,
1132,239500.00000000026,227806.43813953036,11693.56186,0.048824893,
1133,169000.00000000012,184611.80865786807,15611.80866,0.092377566,
1134,102000.0000000002,97352.71460300454,4647.285397,0.045561622,
1135,118999.9999999999,127970.26596329453,8970.265963,0.075380386,
1136,93999.99999999988,98279.16675,4279.166749,0.045523051,
1137,195999.9999999997,202791.8053334721,6791.805333,0.034652068,
1138,144000.00000000012,119370.51843107019,24629.48157,0.171038066,
1139,139000.00000000017,116405.48024337973,22594.51976,0.162550502,
1140,197499.99999999997,215319.77963410504,17819.77963,0.090226732,
1141,424869.99999999965,405304.60313337797,19565.39687,0.046050314,
1142,79999.99999999994,103006.8669677502,23006.86697,0.287585837,
1143,79999.99999999994,75661.38740242821,4338.612598,0.054232657,
1144,149000.00000000012,116507.05455564016,32492.94544,0.218073459,
1145,179999.99999999997,166905.57194736067,13094.42805,0.072746823,
1146,174499.9999999993,161422.0804544171,13077.91955,0.074945098,
1147,116899.9999999998,107234.9719071968,9665.028093,0.082677742,
1148,143000.00000000017,134466.28689123265,8533.713109,0.059676315,
1149,124000.0000000001,121497.06109158414,2502.938908,0.020184991,
1150,149899.9999999994,160793.82005875898,10893.82006,0.072673916,
1151,230000.0000000002,218852.27298189452,11147.72702,0.048468378,
1152,120499.99999999994,115501.28169091254,4998.718309,0.041483139,
1153,201800.00000000003,194027.53644458763,7772.463555,0.038515677,
1154,218000.0000000003,239703.84178405415,21703.84178,0.099558907,
1155,179899.99999999936,183481.07132058995,3581.071321,0.0199059,
1156,230000.0000000002,214938.38655066135,15061.61345,0.065485276,
1157,235128.00000000017,221775.11619527743,13352.8838,0.05678985,
1158,185000.00000000006,201645.7201392046,16645.72014,0.089976866,
1159,145999.99999999994,146682.43263076188,682.4326308,0.004674196,
1160,223999.99999999968,244224.19192658263,20224.19193,0.090286571,
1161,129000.00000000006,127223.02461360492,1776.975386,0.013775003,
1162,108959.00000000004,120817.76497452741,11858.76497,0.108836948,
1163,193999.99999999997,199922.00513155907,5922.005132,0.0305258,
1164,233169.9999999995,219421.18056034055,13748.81944,0.058964787,
1165,245350.00000000012,239535.0111427253,5814.988857,0.02370079,
1166,172999.99999999985,192591.8092015092,19591.8092,0.113247452,
1167,234999.9999999991,217382.1760979327,17617.8239,0.074969463,
1168,625000.0000000024,501326.9548788908,123673.0451,0.197876872,
1169,171000.00000000035,184483.2369508053,13483.23695,0.078849339,
1170,162999.99999999983,170614.44068016566,7614.44068,0.04671436,
1171,171900.00000000017,167572.39169531304,4327.608305,0.02517515,
1172,200499.99999999997,203586.34474264173,3086.344743,0.015393241,
1173,238999.99999999919,238919.59109184748,80.40890815,0.000336439,
1174,285000.0000000005,314026.78097374993,29026.78097,0.101848354,
1175,119500,121158.16560250615,1658.165603,0.013875863,
1176,115000.0000000005,113706.1207600969,1293.87924,0.011251124,
1177,154899.99999999977,141627.19331880493,13272.80668,0.085686292,
1178,93000.00000000001,84239.22518966417,8760.77481,0.09420188,
1179,249999.99999999983,219731.6473227065,30268.35268,0.121073411,
1180,392500.0000000001,336951.71215470176,55548.28785,0.1415243,
1181,745000.0000000026,691691.2604427563,53308.73956,0.071555355,
1182,120000.00000000006,132861.88295698373,12861.88296,0.107182358,
1183,186699.9999999997,191523.5670123365,4823.567012,0.025835924,
1184,104899.99999999977,113733.64606641792,8833.646066,0.084210163,
1185,95000.00000000006,95151.18955651682,151.1895565,0.001591469,
1186,262000.00000000032,262000.00000000405,3.98722E-09,1.52184E-14,
1187,194999.99999999962,182464.57414685245,12535.42585,0.064284235,
1188,189000,188402.39851022282,597.6014898,0.003161913,
1189,168000.00000000023,182979.9400046306,14979.94,0.08916631,
1190,173999.99999999965,169149.9681291049,4850.031871,0.027873746,
1191,124999.99999999968,120440.22008696452,4559.779913,0.036478239,
1192,165000.00000000006,160417.35899152927,4582.641008,0.027773582,
1193,158000.00000000012,143547.25632262838,14452.74368,0.091473061,
1194,176000.00000000003,171023.80108028476,4976.19892,0.028273857,
1195,219210.0000000009,227754.72496849546,8544.724968,0.038979631,
1196,144000.00000000012,163555.7165094343,19555.71651,0.135803587,
1197,178000.00000000026,172299.18610530428,5700.813895,0.032027044,
1198,147999.99999999965,157931.3415480517,9931.341548,0.067103659,
1199,116049.99999999977,123153.80433445494,7103.804334,0.061213307,
1200,197900.00000000073,188553.58303986347,9346.41696,0.047227979,
1201,117000.00000000041,124846.03326588156,7846.033266,0.067060113,
1202,212999.99999999965,194708.90577572992,18291.09422,0.085873682,
1203,153499.9999999999,159042.50187049794,5542.50187,0.036107504,
1204,271900.00000000204,260268.4324227056,11631.56758,0.042778844,
1205,106999.99999999984,131708.51903662793,24708.51904,0.230920739,
1206,199999.9999999997,227864.20984371664,27864.20984,0.139321049,
1207,139999.99999999965,132517.7250472293,7482.274953,0.053444821,
1208,290000.0000000004,294958.74812820577,4958.748128,0.017099131,
1209,189000,193676.66698031672,4676.66698,0.02474427,
1210,163999.99999999927,169107.6529699596,5107.65297,0.031144225,
1211,113000,93318.55089478407,19681.44911,0.174172116,
1212,145000.0000000002,133324.61253966598,11675.38746,0.080519914,
1213,134500.00000000006,135150.94258448126,650.9425845,0.004839722,
1214,124999.99999999968,115667.10673204844,9332.893268,0.074663146,
1215,111999.99999999983,115922.24482384033,3922.244824,0.035020043,
1216,229456.0000000001,241288.84461328917,11832.84461,0.051569123,
1217,80499.99999999999,74325.97626026643,6174.02374,0.076695947,
1218,91500.00000000001,94785.99285204336,3285.992852,0.03591249,
1219,115000.0000000005,108263.91936776263,6736.080632,0.058574614,
1220,133999.99999999983,132245.54309729367,1754.456903,0.013092962,
1221,143000.00000000017,144912.6205104442,1912.62051,0.013374969,
1222,137899.99999999994,152526.5769,14626.57689,0.106066547,
1223,184000,197300.24931489734,13300.24931,0.072283964,
1224,145000.0000000002,136360.68485540256,8639.315145,0.059581484,
1225,213999.99999999968,237335.5393007399,23335.5393,0.109044576,
1226,147000.00000000017,137812.6377297296,9187.36227,0.062499063,
1227,367293.99999999866,368561.2863,1267.286337,0.003450332,
1228,127000.00000000019,149242.0855119273,22242.08551,0.175134532,
1229,189999.9999999998,190000.00000000047,9.8953E-10,5.20805E-15,
1230,132499.9999999997,144833.73176546092,12333.73177,0.093084768,
1231,101799.99999999984,101721.11695180464,78.88304819,0.000774883,
1232,142000.00000000012,131877.1256743165,10122.87433,0.071287847,
1233,129999.99999999983,112167.17473201717,17832.82527,0.137175579,
1234,138887.00000000012,153393.10320745906,14506.10321,0.104445364,
1235,175500.00000000017,173173.70188689054,2326.298113,0.01325526,
1236,194999.99999999962,195228.41553212045,228.4155321,0.001171362,
1237,142500.00000000023,129396.35953933612,13103.64046,0.091955372,
1238,265900.00000000064,233122.5972128296,32777.40279,0.123269661,
1239,224899.99999999948,209435.91106525486,15464.08893,0.068759844,
1240,248327.99999999988,247155.2590491973,1172.740951,0.004722548,
1241,170000.00000000032,169584.00029755916,415.9997024,0.002447057,
1242,465000.0000000005,426109.39075368294,38890.60925,0.083635719,
1243,230000.0000000002,206079.15987238244,23920.84013,0.104003653,
1244,178000.00000000026,185393.64288920583,7393.642889,0.04153732,
1245,186499.99999999919,193378.85954182796,6878.859542,0.036883965,
1246,169899.99999999985,148222.46681697495,21677.53318,0.127589954,
1247,129500.00000000013,127067.2306,2432.769398,0.018785864,
1248,118999.9999999999,114722.78058540728,4277.219415,0.03594302,
1249,243999.99999999892,280460.12848629773,36460.12849,0.149426756,
1250,171750.00000000064,197093.29164671706,25343.29165,0.147559194,
1251,129999.99999999983,113750.16554803433,16249.83445,0.124998727,
1252,293999.99999999936,286890.9796370356,7109.020363,0.024180341,
1253,165400.00000000035,180416.95145843344,15016.95146,0.090791726,
1254,127499.99999999991,120969.6265,6530.373508,0.051218616,
1255,301500.00000000134,321132.0572868447,19632.05729,0.065114618,
1256,99900.00000000017,91365.63082780161,8534.369172,0.085429121,
1257,189999.9999999998,177357.83244543083,12642.16755,0.066537724,
1258,150999.99999999983,144221.06133715477,6778.938663,0.044893634,
1259,180999.99999999985,202291.9715971958,21291.9716,0.117635202,
1260,128899.9999999999,125700.06586638333,3199.934134,0.024824935,
1261,161499.9999999998,166040.66061024173,4540.66061,0.028115546,
1262,180499.99999999988,167389.66725677054,13110.33274,0.072633422,
1263,180999.99999999985,167918.92795245204,13081.07205,0.072271116,
1264,183899.99999999985,172427.83587084472,11472.16413,0.062382622,
1265,121999.99999999988,112607.12863376907,9392.871366,0.076990749,
1266,378499.99999999977,364100.91582876636,14399.08417,0.038042495,
1267,381000,365991.1291341906,15008.87087,0.039393362,
1268,144000.00000000012,149739.08467724334,5739.084677,0.039854755,
1269,259999.99999999968,259999.99999999782,2.00816E-09,7.72371E-15,
1270,185749.9999999999,164224.27620596805,21525.72379,0.115885458,
1271,137000.00000000012,128631.83000695496,8368.169993,0.061081533,
1272,177000.00000000006,169486.25568819483,7513.744312,0.042450533,
1273,139000.00000000017,166590.04523496784,27590.04523,0.198489534,
1274,137000.00000000012,137000.00000000012,0,0,
1275,161999.9999999996,172510.5248131943,10510.52481,0.064879783,
1276,197900.00000000073,199792.2519933486,1892.251993,0.009561657,
1277,237000.00000000044,226909.0658671589,10090.93413,0.042577781,
1278,68400.00000000019,69454.33885166023,1054.338852,0.015414311,
1279,226999.9999999998,205297.89897467798,21702.10103,0.095603969,
1280,179999.99999999997,196643.6139706112,16643.61397,0.092464522,
1281,150499.9999999999,141906.99913613262,8593.000864,0.057096351,
1282,139000.00000000017,137808.44084194407,1191.559158,0.008572368,
1283,169000.00000000012,166069.63853095213,2930.361469,0.017339417,
1284,132499.9999999997,131479.81580563064,1020.184194,0.007699503,
1285,143000.00000000017,151772.16786944607,8772.167869,0.061343831,
1286,189999.9999999998,173016.53313693847,16983.46686,0.089386668,
1287,278000.0000000004,266300.53220818273,11699.46779,0.042084417,
1288,281000.00000000134,296702.9838398534,15702.98384,0.055882505,
1289,180499.99999999988,160185.98947781266,20314.01052,0.112542995,
1290,119500,118121.74020920187,1378.259791,0.011533555,
1291,107499.99999999983,133365.0741656857,25865.07417,0.240605341,
1292,162900.00000000067,184017.1942975231,21117.1943,0.129632869,
1293,115000.0000000005,104273.04672831867,10726.95327,0.093277855,
1294,138500.0000000001,132249.2442799795,6250.75572,0.04513181,
1295,155000.00000000026,154831.0057017163,168.9942983,0.001090286,
1296,139999.99999999965,141989.90640819707,1989.906408,0.014213617,
1297,153999.99999999974,156550.33936043255,2550.33936,0.016560645,
1298,224999.99999999974,214029.72246917814,10970.27753,0.048756789,
1299,177499.99999999997,164513.2744668888,12986.72553,0.073164651,
1300,290000.0000000004,296784.6074623267,6784.607462,0.023395198,
1301,232000.00000000096,224912.63104756607,7087.368952,0.030549004,
1302,129999.99999999983,137994.66138380722,7994.661384,0.061497395,
1303,325000,328132.61318605667,3132.613186,0.00963881,
1304,202500.00000000076,194032.33635735957,8467.663643,0.041815623,
1305,137999.99999999988,147720.44771549426,9720.447715,0.070438027,
1306,147000.00000000017,149942.26836160722,2942.268362,0.020015431,
1307,179199.9999999999,184949.23349596307,5749.233496,0.032082776,
1308,335000.00000000105,324848.43315908615,10151.56684,0.030303185,
1309,203000.0000000001,202638.0620357715,361.9379642,0.001782946,
1310,302000.00000000023,303535.7851585414,1535.785159,0.005085381,
1311,333167.99999999953,318687.0267530286,14480.97325,0.043464478,
1312,118999.9999999999,121381.52427485597,2381.524275,0.020012809,
1313,206900.0000000004,194958.62982539757,11941.37017,0.057715661,
1314,295493.0000000013,292617.5179320908,2875.482068,0.009731134,
1315,208899.99999999988,211763.24745272505,2863.247453,0.013706307,
1316,274999.99999999907,277541.83830791805,2541.838308,0.009243048,
1317,111000.00000000004,117803.01924261893,6803.019243,0.061288462,
1318,156500.00000000032,179349.6997845214,22849.69978,0.146004471,
1319,72499.99999999996,72499.99999999945,4.94765E-10,6.82435E-15,
1320,189999.9999999998,231692.68330625363,41692.68331,0.219435175,
1321,82500.00000000001,92450.19595358375,9950.195954,0.120608436,
1322,147000.00000000017,251772.65726179097,104772.6573,0.712739165,
1323,54999.99999999995,64901.90423877194,9901.904239,0.180034623,
1324,78999.99999999977,100311.57520644715,21311.57521,0.269766775,
1325,130499.99999999988,137123.58392088691,6623.583921,0.050755432,
1326,256000.00000000058,227392.1852359369,28607.81476,0.111749276,
1327,176499.9999999996,186160.8323189041,9660.832319,0.054735594,
1328,226999.9999999998,248880.55623400724,21880.55623,0.096390116,
1329,132499.9999999997,133096.3209914092,596.3209914,0.004500536,
1330,100000.00000000001,103057.39506396158,3057.395064,0.030573951,
1331,125499.99999999991,136639.3150948566,11139.31509,0.088759483,
1332,124999.99999999968,112307.36981801334,12692.63018,0.101541041,
1333,167900.00000000003,162337.31316807843,5562.686832,0.033130952,
1334,135000.00000000035,139333.37018883505,4333.370189,0.032099038,
1335,52500.000000000015,63075.647468795054,10575.64747,0.201440904,
1336,199999.9999999997,224620.7609304773,24620.76093,0.123103805,
1337,128500.00000000033,134353.79312461955,5853.793125,0.04555481,
1338,123000.00000000003,116755.72383902619,6244.276161,0.050766473,
1339,155000.00000000026,151817.8185,3182.181469,0.020530203,
1340,228500.00000000003,231668.52460207738,3168.524602,0.013866628,
1341,177000.00000000006,163958.52201388986,13041.47799,0.073680667,
1342,155834.99999999983,188497.99934935677,32662.99935,0.209599893,
1343,108499.99999999988,109318.0218048263,818.0218048,0.007539371,
1344,262500.0000000013,269693.2727705916,7193.272771,0.027402944,
1345,283463.0000000003,293673.74597126397,10210.74597,0.036021442,
1346,214999.99999999968,235461.3909,20461.39088,0.09516926,
1347,121999.99999999988,124328.35979664206,2328.359797,0.019084916,
1348,199999.9999999997,186569.39948306428,13430.60052,0.067153003,
1349,171000.00000000035,174085.2539579728,3085.253958,0.018042421,
1350,134899.9999999999,123021.68343586085,11878.31656,0.088052754,
1351,410000.00000000006,404539.1837635388,5460.816236,0.013319064,
1352,234999.9999999991,229746.74755731915,5253.252443,0.022354266,
1353,170000.00000000032,182721.76162830103,12721.76163,0.074833892,
1354,110000.0000000003,113668.86385643965,3668.863856,0.033353308,
1355,149899.9999999994,160852.01699539248,10952.017,0.073062155,
1356,177499.99999999997,168352.70471816385,9147.295282,0.051534058,
1357,315000.00000000047,348918.03701162775,33918.03701,0.107676308,
1358,189000,185262.85336246394,3737.146638,0.019773263,
1359,259999.99999999968,290577.1046787356,30577.10468,0.117604249,
1360,104899.99999999977,133821.56798022764,28921.56798,0.275706082,
1361,156932.0000000004,174811.2816405165,17879.28164,0.11393012,
1362,144152.0000000002,149470.64735546205,5318.647355,0.036896105,
1363,216000.0000000004,210421.8976,5578.102442,0.025824548,
1364,193000.00000000032,195395.08412585044,2395.084126,0.012409762,
1365,127000.00000000019,123564.56170180839,3435.438298,0.027050695,
1366,144000.00000000012,141333.1939976307,2666.806002,0.018519486,
1367,232000.00000000096,234553.84603180405,2553.846032,0.011007957,
1368,105000.00000000004,105000.00000000004,0,0,
1369,165499.99999999965,175855.78540283613,10355.7854,0.062572721,
1370,274299.99999999977,238381.84368681206,35918.15631,0.130944792,
1371,466499.99999999907,538297.4539212309,71797.45392,0.153906654,
1372,249999.99999999983,253373.38475369994,3373.384754,0.013493539,
1373,238999.99999999919,246709.37161379776,7709.371614,0.032256785,
1374,90999.99999999996,90093.49015109948,906.5098489,0.009961647,
1375,117000.00000000041,120711.14554631658,3711.145546,0.031719193,
1376,83000.00000000001,91138.76269,8138.762686,0.098057382,
1377,167499.9999999999,162905.63231769382,4594.367682,0.027429061,
1378,58499.99999999999,69558.29741274171,11058.29741,0.189030725,
1379,237499.99999999994,232268.7344,5231.265634,0.022026382,
1380,156999.99999999962,148739.0795,8260.920478,0.052617328,
1381,111999.99999999983,144397.7620166816,32397.76202,0.289265732,
1382,105000.00000000004,107701.0608,2701.060769,0.025724388,
1383,125499.99999999991,132938.2340566098,7438.234057,0.059268797,
1384,249999.99999999983,250000.0000000025,2.99769E-09,1.19908E-14,
1385,135999.99999999965,162469.0183258662,26469.01833,0.194625135,
1386,377500.0000000006,338242.8970173703,39257.10298,0.103992326,
1387,131000.0000000004,136365.47968193557,5365.479682,0.04095786,
1388,234999.9999999991,218252.76682408096,16747.23318,0.071264822,
1389,124000.0000000001,126551.83752408322,2551.837524,0.020579335,
1390,123000.00000000003,128023.59814609718,5023.598146,0.040842261,
1391,162999.99999999983,140501.58744641213,22498.41255,0.138027071,
1392,246578.00000000055,233079.9724458391,13498.02755,0.054741411,
1393,281212.99999999884,279801.8808359797,1411.119164,0.005017973,
1394,160000.0000000002,144135.82203559057,15864.17796,0.099151112,
1395,137500.0000000005,137500,9.8953E-10,7.19658E-15,
1396,137999.99999999988,150237.92410504428,12237.92411,0.088680609,
1397,137450.00000000012,164032.4165645695,26582.41656,0.193396992,
1398,120000.00000000006,129308.65507204086,9308.655072,0.077572126,
1399,193000.00000000032,204908.50000268014,11908.5,0.061702073,
1400,193879.00000000006,196255.27431734794,2376.274317,0.012256481,
1401,282921.9999999992,244183.62994451405,38738.37006,0.136922438,
1402,105000.00000000004,110396.34147406275,5396.341474,0.051393728,
1403,274999.99999999907,293915.40368986403,18915.40369,0.068783286,
1404,132999.99999999997,127480.24583135138,5519.754169,0.041501911,
1405,111999.99999999983,111615.42107807113,384.5789219,0.00343374,
1406,125499.99999999991,122902.4923704303,2597.50763,0.020697272,
1407,214999.99999999968,198607.3062986796,16392.6937,0.076245087,
1408,230000.0000000002,210392.6457065925,19607.35429,0.085249366,
1409,139999.99999999965,140038.7116626053,38.71166261,0.000276512,
1410,89999.99999999997,90285.81015868502,285.8101587,0.003175668,
1411,257000.00000000023,258986.24762968227,1986.24763,0.00772859,
1412,207000.00000000044,173161.58079993902,33838.4192,0.163470624,
1413,175899.99999999988,213412.45042556213,37512.45043,0.213260093,
1414,122499.9999999999,126516.42526002678,4016.42526,0.032787145,
1415,339999.99999999884,309850.5220714784,30149.47793,0.088674935,
1416,124000.0000000001,132917.84699331046,8917.846993,0.071918121,
1417,222999.99999999997,247950.761,24950.76101,0.111886821,
1418,179899.99999999936,178622.64945388108,1277.350546,0.007100337,
1419,127499.99999999991,140347.89516920064,12847.89517,0.100767805,
1420,136500.00000000032,136434.25120136671,65.74879863,0.000481676,
1421,274969.99999999854,254271.227,20698.77296,0.075276477,
1422,144000.00000000012,130037.57673900349,13962.42326,0.096961273,
1423,142000.00000000012,144865.33168243553,2865.331682,0.020178392,
1424,271000.00000000047,266618.78825566976,4381.211744,0.016166833,
1425,139999.99999999965,137547.09848621246,2452.901514,0.017520725,
1426,118999.9999999999,117172.58108067462,1827.418919,0.015356462,
1427,182900.00000000012,185634.60859185434,2734.608592,0.014951387,
1428,192140.00000000044,189913.23065699573,2226.769343,0.011589306,
1429,143749.99999999997,131735.02616174883,12014.97384,0.083582427,
1430,64500.00000000002,94942.89018011732,30442.89018,0.471982793,
1431,186499.99999999919,193564.44160438914,7064.441604,0.037879043,
1432,160000.0000000002,145888.00066920673,14111.99933,0.088199996,
1433,173999.99999999965,170827.34342699737,3172.656573,0.018233658,
1434,120499.99999999994,112882.0950516042,7617.904948,0.063219128,
1435,394616.9999999992,373951.91804824525,20665.08195,0.05236744,
1436,149699.99999999985,132502.1434535653,17197.85655,0.114882141,
1437,197000.00000000012,172722.3926795388,24277.60732,0.123236585,
1438,191000.0000000003,197977.5991021874,6977.599102,0.036531932,
1439,149299.9999999994,142195.3166420921,7104.683358,0.047586627,
1440,310000,338282.47603003617,28282.47603,0.091233794,
1441,120999.99999999978,95965.08294221641,25034.91706,0.206900141,
1442,179599.99999999936,183678.98316172333,4078.983162,0.022711488,
,,,,0.072563416,Averag Error